INSERT INTO `program` (`program_id`, `program_name`, `address`) VALUES (1, '1st Call for Action "200 Years since the Greek Revolution"', '180 Kilback Villages');
INSERT INTO `program` (`program_id`, `program_name`, `address`) VALUES (2, '1st Call for Action “Science and Society” “Research, Innovation and Dissemination Hubs', '46966 Ferry Overpass');
INSERT INTO `program` (`program_id`, `program_name`, `address`) VALUES (3, '1st Call for Action "Always Strive for Excellence" , Theodore Papazoglou', '4085 Jermain Prairie Suite 154');
INSERT INTO `program` (`program_id`, `program_name`, `address`) VALUES (4, '1st Call for Action  "Interventions to address the economic and social effects of the COVID-19 pandemic"', '3716 Rutherford Road Suite 473');
INSERT INTO `program` (`program_id`, `program_name`, `address`) VALUES (5, 'The emerging landscape of digital work in Humanities ', '16873 Hahn Garden Suite 534');
INSERT INTO `program` (`program_id`, `program_name`, `address`) VALUES (6, '1st Call for Research Projects to Support Faculty Members & Researchers', '1203 Tristian Coves');
INSERT INTO `program` (`program_id`, `program_name`, `address`) VALUES (7, '1st supply of high value research equipment', '0374 Juanita Harbor');
INSERT INTO `program` (`program_id`, `program_name`, `address`) VALUES (8, '1st Call for H.F.R.I. Scholarships to PhD Candidates', '20049 Frami Lights Suite 605');
INSERT INTO `program` (`program_id`, `program_name`, `address`) VALUES (9, '2nd Call for Action “Research, Innovation and Dissemination Hubs', '91813 Eldon Passage Apt. 069');
INSERT INTO `program` (`program_id`, `program_name`, `address`) VALUES (10, 'Fieldwork for data in Greece in the context of the “Wave 10” of the European Social Survey', '070 Corbin Garden Apt. 471');
INSERT INTO `program` (`program_id`, `program_name`, `address`) VALUES (11, '1st Call for H.F.R.I. research projects to support Postdoctoral Researchers', '6694 Bashirian Mews Apt. 964');
INSERT INTO `program` (`program_id`, `program_name`, `address`) VALUES (12, 'Promote Research and Innovation', '42629 Ardella Mews Suite 325');
INSERT INTO `program` (`program_id`, `program_name`, `address`) VALUES (13, '2nd Call for Research Projects to Support Faculty Members & Researchers', '412 Colin Fall');
INSERT INTO `program` (`program_id`, `program_name`, `address`) VALUES (14, '2nd Call for Action "200 Years since the Greek Revolution"', '8665 Schneider Ramp Suite 130');
INSERT INTO `program` (`program_id`, `program_name`, `address`) VALUES (15, '2nd Call for Action "Always Strive for Excellence" , Theodore Papazoglou', '9303 Angelina Shoal');
INSERT INTO `program` (`program_id`, `program_name`, `address`) VALUES (16, '2nd Call for Action "Interventions to address the economic and social effects of the COVID-19 pandemic"', '6415 Javier Junction');
INSERT INTO `program` (`program_id`, `program_name`, `address`) VALUES (17, '2nd Call for the supply of high value research equipment', '1755 Laila Underpass Suite 167');
INSERT INTO `program` (`program_id`, `program_name`, `address`) VALUES (18, '2nd Call for H.F.R.I. Scholarships to PhD Candidates', '169 Hessel Locks');
INSERT INTO `program` (`program_id`, `program_name`, `address`) VALUES (19, '1st Call for H.F.R.I Scholarships to Undergraduate Students', '36077 Heidenreich Village');
INSERT INTO `program` (`program_id`, `program_name`, `address`) VALUES (20, '3rd Call for Action "Interventions to address the economic and social effects of the COVID-19 pandemic"', '249 Dare Falls Suite 253');
INSERT INTO `program` (`program_id`, `program_name`, `address`) VALUES (21, '3rd Call for Research Projects to Support Faculty Members & Researchers', '719 Dwight Stream');
INSERT INTO `program` (`program_id`, `program_name`, `address`) VALUES (22, '3rd Call for Action "Always Strive for Excellence" , Theodore Papazoglou', '372 Schaden Circles');
INSERT INTO `program` (`program_id`, `program_name`, `address`) VALUES (23, '2nd Call for H.F.R.I. research projects to support Postdoctoral Researchers', '769 Lesch Squares Suite 975');
INSERT INTO `program` (`program_id`, `program_name`, `address`) VALUES (24, '2nd Call for H.F.R.I Scholarships to Undergraduate Students', '540 Kirsten Walks Apt. 666');
INSERT INTO `program` (`program_id`, `program_name`, `address`) VALUES (25, '3rd Call for H.F.R.I. Scholarships to PhD Candidates', '12464 Purdy Meadow Apt. 017');
INSERT INTO `program` (`program_id`, `program_name`, `address`) VALUES (26, '4th Call for Action "Interventions to address the economic and social effects of the COVID-19 pandemic"', '278 Andre Inlet Suite 089');
INSERT INTO `program` (`program_id`, `program_name`, `address`) VALUES (27, '4th Call for H.F.R.I. Scholarships to PhD Candidates', '352 Felipa Freeway');
INSERT INTO `program` (`program_id`, `program_name`, `address`) VALUES (28, '4th Call for Action "Always Strive for Excellence" , Theodore Papazoglou', '381 Althea Knoll Apt. 363');
INSERT INTO `program` (`program_id`, `program_name`, `address`) VALUES (29, '3rd Call for Action "200 Years since the Greek Revolution"', '674 Jacobson Springs');
INSERT INTO `program` (`program_id`, `program_name`, `address`) VALUES (30, '3rd Call for the supply of high value research equipment', '8246 Virginia Roads Suite 249');

INSERT INTO `executive` (`executive_id`, `name`, `surname`, `birthday`, `sex`) VALUES (1, 'Tito', 'Ward', '1970-01-01', 'Male');
INSERT INTO `executive` (`executive_id`, `name`, `surname`, `birthday`, `sex`) VALUES (2, 'Johathan', 'Wiegand', '1974-04-13', 'Male');
INSERT INTO `executive` (`executive_id`, `name`, `surname`, `birthday`, `sex`) VALUES (3, 'Enrique', 'Gutkowski', '1979-11-21', 'Male');
INSERT INTO `executive` (`executive_id`, `name`, `surname`, `birthday`, `sex`) VALUES (4, 'Kendra', 'Howell', '1978-10-11', 'Female');
INSERT INTO `executive` (`executive_id`, `name`, `surname`, `birthday`, `sex`) VALUES (5, 'Earl', 'Brekke', '1981-11-12', 'Female');
INSERT INTO `executive` (`executive_id`, `name`, `surname`, `birthday`, `sex`) VALUES (6, 'Ola', 'Flatley', '1988-04-03', 'Female');
INSERT INTO `executive` (`executive_id`, `name`, `surname`, `birthday`, `sex`) VALUES (7, 'Santina', 'Mills', '1991-02-12', 'Female');
INSERT INTO `executive` (`executive_id`, `name`, `surname`, `birthday`, `sex`) VALUES (8, 'Layla', 'Becker', '1968-11-21', 'Female');
INSERT INTO `executive` (`executive_id`, `name`, `surname`, `birthday`, `sex`) VALUES (9, 'Imogene', 'Lindgren', '1973-03-23', 'Male');
INSERT INTO `executive` (`executive_id`, `name`, `surname`, `birthday`, `sex`) VALUES (10, 'Eliseo', 'Heathcote', '1979-04-03', 'Male');
INSERT INTO `executive` (`executive_id`, `name`, `surname`, `birthday`, `sex`) VALUES (11, 'Nicholas', 'Kemmer', '1976-05-14', 'Male');
INSERT INTO `executive` (`executive_id`, `name`, `surname`, `birthday`, `sex`) VALUES (12, 'Ignatius', 'Gibson', '1984-11-18', 'Male');
INSERT INTO `executive` (`executive_id`, `name`, `surname`, `birthday`, `sex`) VALUES (13, 'Dessie', 'Rempel', '1969-03-18', 'Female');
INSERT INTO `executive` (`executive_id`, `name`, `surname`, `birthday`, `sex`) VALUES (14, 'Rosetta', 'Kuhn', '1984-12-14', 'Female');
INSERT INTO `executive` (`executive_id`, `name`, `surname`, `birthday`, `sex`) VALUES (15, 'Kane', 'Koepp', '1993-04-19', 'Male');
INSERT INTO `executive` (`executive_id`, `name`, `surname`, `birthday`, `sex`) VALUES (16, 'Shad', 'Daniel', '1973-02-14', 'Male');
INSERT INTO `executive` (`executive_id`, `name`, `surname`, `birthday`, `sex`) VALUES (17, 'Ressie', 'Bahringer', '1992-04-16', 'Female');
INSERT INTO `executive` (`executive_id`, `name`, `surname`, `birthday`, `sex`) VALUES (18, 'Daniella', 'Turcotte', '1991-11-19', 'Female');
INSERT INTO `executive` (`executive_id`, `name`, `surname`, `birthday`, `sex`) VALUES (19, 'Bailey', 'Kerluke', '1973-05-01', 'Female');
INSERT INTO `executive` (`executive_id`, `name`, `surname`, `birthday`, `sex`) VALUES (20, 'Mustafa', 'Jaskolski', '1984-05-16', 'Male');
INSERT INTO `executive` (`executive_id`, `name`, `surname`, `birthday`, `sex`) VALUES (21, 'Alicia', 'Skiles', '1989-06-23', 'Female');
INSERT INTO `executive` (`executive_id`, `name`, `surname`, `birthday`, `sex`) VALUES (22, 'Ettie', 'Zieme', '1991-11-21', 'Female');
INSERT INTO `executive` (`executive_id`, `name`, `surname`, `birthday`, `sex`) VALUES (23, 'Hank', 'Mante', '1987-12-11', 'Male');
INSERT INTO `executive` (`executive_id`, `name`, `surname`, `birthday`, `sex`) VALUES (24, 'Jazmyn', 'Senger', '1973-11-11', 'Female');
INSERT INTO `executive` (`executive_id`, `name`, `surname`, `birthday`, `sex`) VALUES (25, 'Zane', 'Kiehn', '1975-12-14', 'Male');
INSERT INTO `executive` (`executive_id`, `name`, `surname`, `birthday`, `sex`) VALUES (26, 'Iva', 'Pacocha', '1993-05-14', 'Female');
INSERT INTO `executive` (`executive_id`, `name`, `surname`, `birthday`, `sex`) VALUES (27, 'Jerome', 'Hoeger', '1991-05-17', 'Male');
INSERT INTO `executive` (`executive_id`, `name`, `surname`, `birthday`, `sex`) VALUES (28, 'Eulah', 'Rutherford', '1988-05-13', 'Male');
INSERT INTO `executive` (`executive_id`, `name`, `surname`, `birthday`, `sex`) VALUES (29, 'Holden', 'Stoltenberg', '1992-07-16', 'Male');
INSERT INTO `executive` (`executive_id`, `name`, `surname`, `birthday`, `sex`) VALUES (30, 'Thelma', 'Fay', '1991-06-14', 'Female');
INSERT INTO `executive` (`executive_id`, `name`, `surname`, `birthday`, `sex`) VALUES (31, 'Mellie', 'Stamm', '1984-03-15', 'Female');
INSERT INTO `executive` (`executive_id`, `name`, `surname`, `birthday`, `sex`) VALUES (32, 'Jordon', 'Shields', '1983-11-18', 'Male');
INSERT INTO `executive` (`executive_id`, `name`, `surname`, `birthday`, `sex`) VALUES (33, 'Dorcas', 'Hamill', '1969-12-26', 'Male');
INSERT INTO `executive` (`executive_id`, `name`, `surname`, `birthday`, `sex`) VALUES (34, 'Tyrese', 'Reynolds', '1986-06-23', 'Female');
INSERT INTO `executive` (`executive_id`, `name`, `surname`, `birthday`, `sex`) VALUES (35, 'Verda', 'Murphy', '1989-06-14', 'Male');
INSERT INTO `executive` (`executive_id`, `name`, `surname`, `birthday`, `sex`) VALUES (36, 'Layla', 'Zemlak', '1991-03-26', 'Female');
INSERT INTO `executive` (`executive_id`, `name`, `surname`, `birthday`, `sex`) VALUES (37, 'Laron', 'Buckridge', '1989-07-17', 'Female');
INSERT INTO `executive` (`executive_id`, `name`, `surname`, `birthday`, `sex`) VALUES (38, 'Brionna', 'Streich', '1981-04-15', 'Female');
INSERT INTO `executive` (`executive_id`, `name`, `surname`, `birthday`, `sex`) VALUES (39, 'Alexandra', 'Gusikowski', '1978-04-13', 'Female');
INSERT INTO `executive` (`executive_id`, `name`, `surname`, `birthday`, `sex`) VALUES (40, 'Afton', 'Bahringer', '1979-11-18', 'Male');
INSERT INTO `executive` (`executive_id`, `name`, `surname`, `birthday`, `sex`) VALUES (41, 'Darrion', 'Kiehn', '1990-11-21', 'Male');
INSERT INTO `executive` (`executive_id`, `name`, `surname`, `birthday`, `sex`) VALUES (42, 'Conrad', 'Bradtke', '1973-11-14', 'Male');
INSERT INTO `executive` (`executive_id`, `name`, `surname`, `birthday`, `sex`) VALUES (43, 'Arden', 'Murray', '1977-07-02', 'Male');
INSERT INTO `executive` (`executive_id`, `name`, `surname`, `birthday`, `sex`) VALUES (44, 'Emie', 'Mosciski', '1978-01-01', 'Female');
INSERT INTO `executive` (`executive_id`, `name`, `surname`, `birthday`, `sex`) VALUES (45, 'Kaylin', 'Luettgen', '1977-04-14', 'Female');
INSERT INTO `executive` (`executive_id`, `name`, `surname`, `birthday`, `sex`) VALUES (46, 'Susanna', 'Daugherty', '1992-06-21', 'Female');
INSERT INTO `executive` (`executive_id`, `name`, `surname`, `birthday`, `sex`) VALUES (47, 'Bo', 'Conroy', '1968-04-03', 'Male');
INSERT INTO `executive` (`executive_id`, `name`, `surname`, `birthday`, `sex`) VALUES (48, 'Reta', 'Emard', '1966-12-26', 'Female');
INSERT INTO `executive` (`executive_id`, `name`, `surname`, `birthday`, `sex`) VALUES (49, 'Douglas', 'Runolfsdottir', '1994-03-12', 'Male');
INSERT INTO `executive` (`executive_id`, `name`, `surname`, `birthday`, `sex`) VALUES (50, 'Brendan', 'Willms', '1973-04-23', 'Female');

INSERT INTO `researcher` (`researcher_id`, `name`, `surname`, `birthday`, `sex`) VALUES (1, 'Vick', 'MacMenemy', '1978-05-03', 'Genderqueer');
INSERT INTO `researcher` (`researcher_id`, `name`, `surname`, `birthday`, `sex`) VALUES (2, 'Mozes', 'Simonard', '1985-03-18', 'Male');
INSERT INTO `researcher` (`researcher_id`, `name`, `surname`, `birthday`, `sex`) VALUES (3, 'Brittney', 'Linnett', '1994-03-04', 'Agender');
INSERT INTO `researcher` (`researcher_id`, `name`, `surname`, `birthday`, `sex`) VALUES (4, 'Molly', 'Harbertson', '1968-06-20', 'Female');
INSERT INTO `researcher` (`researcher_id`, `name`, `surname`, `birthday`, `sex`) VALUES (5, 'Sal', 'Hedgeman', '1993-06-22', 'Female');
INSERT INTO `researcher` (`researcher_id`, `name`, `surname`, `birthday`, `sex`) VALUES (6, 'Terrell', 'Buzin', '1980-07-06', 'Male');
INSERT INTO `researcher` (`researcher_id`, `name`, `surname`, `birthday`, `sex`) VALUES (7, 'Abey', 'Gulleford', '1969-07-31', 'Male');
INSERT INTO `researcher` (`researcher_id`, `name`, `surname`, `birthday`, `sex`) VALUES (8, 'Lucius', 'Adlard', '1976-06-01', 'Male');
INSERT INTO `researcher` (`researcher_id`, `name`, `surname`, `birthday`, `sex`) VALUES (9, 'Natividad', 'Clingoe', '1980-01-28', 'Female');
INSERT INTO `researcher` (`researcher_id`, `name`, `surname`, `birthday`, `sex`) VALUES (10, 'Eadie', 'Gauvin', '1985-08-14', 'Female');
INSERT INTO `researcher` (`researcher_id`, `name`, `surname`, `birthday`, `sex`) VALUES (11, 'Giffy', 'Rymill', '1990-06-24', 'Male');
INSERT INTO `researcher` (`researcher_id`, `name`, `surname`, `birthday`, `sex`) VALUES (12, 'Artemus', 'Syers', '1983-01-11', 'Male');
INSERT INTO `researcher` (`researcher_id`, `name`, `surname`, `birthday`, `sex`) VALUES (13, 'Chadwick', 'Facher', '1990-04-02', 'Male');
INSERT INTO `researcher` (`researcher_id`, `name`, `surname`, `birthday`, `sex`) VALUES (14, 'Chadd', 'Peddie', '1965-01-25', 'Male');
INSERT INTO `researcher` (`researcher_id`, `name`, `surname`, `birthday`, `sex`) VALUES (15, 'Barnett', 'Darwin', '1992-03-10', 'Male');
INSERT INTO `researcher` (`researcher_id`, `name`, `surname`, `birthday`, `sex`) VALUES (16, 'Elianore', 'Halsey', '1979-02-10', 'Female');
INSERT INTO `researcher` (`researcher_id`, `name`, `surname`, `birthday`, `sex`) VALUES (17, 'Rochelle', 'Giacomoni', '1966-03-07', 'Female');
INSERT INTO `researcher` (`researcher_id`, `name`, `surname`, `birthday`, `sex`) VALUES (18, 'Kareem', 'MacMeekan', '1995-08-03', 'Male');
INSERT INTO `researcher` (`researcher_id`, `name`, `surname`, `birthday`, `sex`) VALUES (19, 'Muffin', 'Bonefant', '1989-08-23', 'Male');
INSERT INTO `researcher` (`researcher_id`, `name`, `surname`, `birthday`, `sex`) VALUES (20, 'Rosanna', 'Ferrettino', '1990-10-22', 'Female');
INSERT INTO `researcher` (`researcher_id`, `name`, `surname`, `birthday`, `sex`) VALUES (21, 'Valencia', 'Sailer', '1970-10-09', 'Female');
INSERT INTO `researcher` (`researcher_id`, `name`, `surname`, `birthday`, `sex`) VALUES (22, 'Jerad', 'Footitt', '1994-02-02', 'Bigender');
INSERT INTO `researcher` (`researcher_id`, `name`, `surname`, `birthday`, `sex`) VALUES (23, 'Lilian', 'Parr', '1987-12-21', 'Female');
INSERT INTO `researcher` (`researcher_id`, `name`, `surname`, `birthday`, `sex`) VALUES (24, 'Molly', 'Swalough', '1969-11-22', 'Female');
INSERT INTO `researcher` (`researcher_id`, `name`, `surname`, `birthday`, `sex`) VALUES (25, 'Lynnett', 'Oneill', '1965-02-17', 'Female');
INSERT INTO `researcher` (`researcher_id`, `name`, `surname`, `birthday`, `sex`) VALUES (26, 'Dani', 'Milne', '1993-01-28', 'Male');
INSERT INTO `researcher` (`researcher_id`, `name`, `surname`, `birthday`, `sex`) VALUES (27, 'Kay', 'Fryman', '1992-12-19', 'Female');
INSERT INTO `researcher` (`researcher_id`, `name`, `surname`, `birthday`, `sex`) VALUES (28, 'Bibby', 'Eickhoff', '1978-11-04', 'Female');
INSERT INTO `researcher` (`researcher_id`, `name`, `surname`, `birthday`, `sex`) VALUES (29, 'Myrna', 'Tivnan', '1990-12-02', 'Female');
INSERT INTO `researcher` (`researcher_id`, `name`, `surname`, `birthday`, `sex`) VALUES (30, 'Filberto', 'Brabyn', '1977-11-09', 'Male');
INSERT INTO `researcher` (`researcher_id`, `name`, `surname`, `birthday`, `sex`) VALUES (31, 'Jock', 'Furlonge', '1975-10-16', 'Male');
INSERT INTO `researcher` (`researcher_id`, `name`, `surname`, `birthday`, `sex`) VALUES (32, 'Bealle', 'Littell', '1966-04-28', 'Male');
INSERT INTO `researcher` (`researcher_id`, `name`, `surname`, `birthday`, `sex`) VALUES (33, 'Prudence', 'McIlriach', '1966-03-03', 'Female');
INSERT INTO `researcher` (`researcher_id`, `name`, `surname`, `birthday`, `sex`) VALUES (34, 'Theobald', 'Osbourne', '1980-04-18', 'Male');
INSERT INTO `researcher` (`researcher_id`, `name`, `surname`, `birthday`, `sex`) VALUES (35, 'Jed', 'Blankau', '1981-01-26', 'Male');
INSERT INTO `researcher` (`researcher_id`, `name`, `surname`, `birthday`, `sex`) VALUES (36, 'Magnum', 'Attenborough', '1970-07-19', 'Male');
INSERT INTO `researcher` (`researcher_id`, `name`, `surname`, `birthday`, `sex`) VALUES (37, 'Mirelle', 'Ratie', '1982-01-14', 'Female');
INSERT INTO `researcher` (`researcher_id`, `name`, `surname`, `birthday`, `sex`) VALUES (38, 'Maye', 'Nourse', '1973-10-21', 'Female');
INSERT INTO `researcher` (`researcher_id`, `name`, `surname`, `birthday`, `sex`) VALUES (39, 'Kameko', 'Manes', '1984-01-01', 'Female');
INSERT INTO `researcher` (`researcher_id`, `name`, `surname`, `birthday`, `sex`) VALUES (40, 'Charlot', 'Frankham', '1974-04-07', 'Female');
INSERT INTO `researcher` (`researcher_id`, `name`, `surname`, `birthday`, `sex`) VALUES (41, 'Felicle', 'Laying', '1986-06-11', 'Female');
INSERT INTO `researcher` (`researcher_id`, `name`, `surname`, `birthday`, `sex`) VALUES (42, 'Wang', 'Krol', '1965-12-20', 'Male');
INSERT INTO `researcher` (`researcher_id`, `name`, `surname`, `birthday`, `sex`) VALUES (43, 'Rodrigo', 'Thorne', '1978-03-03', 'Male');
INSERT INTO `researcher` (`researcher_id`, `name`, `surname`, `birthday`, `sex`) VALUES (44, 'Beverlie', 'Broadfoot', '1992-06-19', 'Female');
INSERT INTO `researcher` (`researcher_id`, `name`, `surname`, `birthday`, `sex`) VALUES (45, 'Sharleen', 'Shwalbe', '1994-10-27', 'Agender');
INSERT INTO `researcher` (`researcher_id`, `name`, `surname`, `birthday`, `sex`) VALUES (46, 'Angelo', 'Breede', '1970-06-19', 'Male');
INSERT INTO `researcher` (`researcher_id`, `name`, `surname`, `birthday`, `sex`) VALUES (47, 'Bab', 'Sergean', '1978-06-27', 'Female');
INSERT INTO `researcher` (`researcher_id`, `name`, `surname`, `birthday`, `sex`) VALUES (48, 'Cordelia', 'Immer', '1974-06-17', 'Female');
INSERT INTO `researcher` (`researcher_id`, `name`, `surname`, `birthday`, `sex`) VALUES (49, 'Yardley', 'Jaquemar', '1968-10-02', 'Male');
INSERT INTO `researcher` (`researcher_id`, `name`, `surname`, `birthday`, `sex`) VALUES (50, 'Douglass', 'Badman', '1980-09-09', 'Male');
INSERT INTO `researcher` (`researcher_id`, `name`, `surname`, `birthday`, `sex`) VALUES (51, 'Vanni', 'Veillard', '1992-07-12', 'Female');
INSERT INTO `researcher` (`researcher_id`, `name`, `surname`, `birthday`, `sex`) VALUES (52, 'Anson', 'Lawrance', '1985-10-13', 'Male');
INSERT INTO `researcher` (`researcher_id`, `name`, `surname`, `birthday`, `sex`) VALUES (53, 'Alastair', 'Lavens', '1969-06-26', 'Male');
INSERT INTO `researcher` (`researcher_id`, `name`, `surname`, `birthday`, `sex`) VALUES (54, 'Hadleigh', 'Merrien', '1984-06-05', 'Male');
INSERT INTO `researcher` (`researcher_id`, `name`, `surname`, `birthday`, `sex`) VALUES (55, 'Alia', 'Ivatt', '1972-08-15', 'Female');
INSERT INTO `researcher` (`researcher_id`, `name`, `surname`, `birthday`, `sex`) VALUES (56, 'Chantal', 'Alday', '1967-11-04', 'Female');
INSERT INTO `researcher` (`researcher_id`, `name`, `surname`, `birthday`, `sex`) VALUES (57, 'Julianna', 'McCloch', '1987-12-31', 'Female');
INSERT INTO `researcher` (`researcher_id`, `name`, `surname`, `birthday`, `sex`) VALUES (58, 'Dulcine', 'Mellmoth', '1974-12-09', 'Female');
INSERT INTO `researcher` (`researcher_id`, `name`, `surname`, `birthday`, `sex`) VALUES (59, 'Elke', 'Gradly', '1995-08-01', 'Female');
INSERT INTO `researcher` (`researcher_id`, `name`, `surname`, `birthday`, `sex`) VALUES (60, 'Elbertine', 'Powner', '1973-07-06', 'Female');
INSERT INTO `researcher` (`researcher_id`, `name`, `surname`, `birthday`, `sex`) VALUES (61, 'Saraann', 'Dominka', '1989-11-09', 'Female');
INSERT INTO `researcher` (`researcher_id`, `name`, `surname`, `birthday`, `sex`) VALUES (62, 'Leupold', 'Evins', '1973-04-21', 'Genderfluid');
INSERT INTO `researcher` (`researcher_id`, `name`, `surname`, `birthday`, `sex`) VALUES (63, 'Michael', 'Schnieder', '1994-11-10', 'Male');
INSERT INTO `researcher` (`researcher_id`, `name`, `surname`, `birthday`, `sex`) VALUES (64, 'Mickey', 'Espy', '1988-06-06', 'Male');
INSERT INTO `researcher` (`researcher_id`, `name`, `surname`, `birthday`, `sex`) VALUES (65, 'Murielle', 'MacVean', '1973-12-23', 'Female');
INSERT INTO `researcher` (`researcher_id`, `name`, `surname`, `birthday`, `sex`) VALUES (66, 'Bobine', 'Grewcock', '1982-09-21', 'Female');
INSERT INTO `researcher` (`researcher_id`, `name`, `surname`, `birthday`, `sex`) VALUES (67, 'Cobby', 'Bizley', '1989-05-25', 'Male');
INSERT INTO `researcher` (`researcher_id`, `name`, `surname`, `birthday`, `sex`) VALUES (68, 'Bessie', 'Gann', '1993-07-18', 'Female');
INSERT INTO `researcher` (`researcher_id`, `name`, `surname`, `birthday`, `sex`) VALUES (69, 'Cosetta', 'Plaid', '1971-09-24', 'Female');
INSERT INTO `researcher` (`researcher_id`, `name`, `surname`, `birthday`, `sex`) VALUES (70, 'Danielle', 'Halesworth', '1969-07-05', 'Female');
INSERT INTO `researcher` (`researcher_id`, `name`, `surname`, `birthday`, `sex`) VALUES (71, 'Christean', 'Farn', '1970-02-09', 'Female');
INSERT INTO `researcher` (`researcher_id`, `name`, `surname`, `birthday`, `sex`) VALUES (72, 'Rosaline', 'Culham', '1978-06-10', 'Female');
INSERT INTO `researcher` (`researcher_id`, `name`, `surname`, `birthday`, `sex`) VALUES (73, 'Cirstoforo', 'Polini', '1969-11-13', 'Male');
INSERT INTO `researcher` (`researcher_id`, `name`, `surname`, `birthday`, `sex`) VALUES (74, 'Leticia', 'Vogel', '1970-09-08', 'Female');
INSERT INTO `researcher` (`researcher_id`, `name`, `surname`, `birthday`, `sex`) VALUES (75, 'Nealon', 'Arbuckel', '1991-07-25', 'Male');
INSERT INTO `researcher` (`researcher_id`, `name`, `surname`, `birthday`, `sex`) VALUES (76, 'Rance', 'Jonah', '1994-09-13', 'Male');
INSERT INTO `researcher` (`researcher_id`, `name`, `surname`, `birthday`, `sex`) VALUES (77, 'Ernst', 'Syres', '1974-10-27', 'Male');
INSERT INTO `researcher` (`researcher_id`, `name`, `surname`, `birthday`, `sex`) VALUES (78, 'Giffie', 'Kellick', '1972-03-20', 'Male');
INSERT INTO `researcher` (`researcher_id`, `name`, `surname`, `birthday`, `sex`) VALUES (79, 'Arda', 'McArley', '1983-07-13', 'Female');
INSERT INTO `researcher` (`researcher_id`, `name`, `surname`, `birthday`, `sex`) VALUES (80, 'Morissa', 'Nucciotti', '1979-07-21', 'Female');
INSERT INTO `researcher` (`researcher_id`, `name`, `surname`, `birthday`, `sex`) VALUES (81, 'Stefan', 'Plover', '1985-02-01', 'Non-binary');
INSERT INTO `researcher` (`researcher_id`, `name`, `surname`, `birthday`, `sex`) VALUES (82, 'Kurtis', 'Smidmor', '1974-02-06', 'Male');
INSERT INTO `researcher` (`researcher_id`, `name`, `surname`, `birthday`, `sex`) VALUES (83, 'Cordie', 'Bottrill', '1968-04-19', 'Male');
INSERT INTO `researcher` (`researcher_id`, `name`, `surname`, `birthday`, `sex`) VALUES (84, 'Pietro', 'Shimmin', '1995-09-10', 'Male');
INSERT INTO `researcher` (`researcher_id`, `name`, `surname`, `birthday`, `sex`) VALUES (85, 'Nataline', 'Jupe', '1974-12-22', 'Female');
INSERT INTO `researcher` (`researcher_id`, `name`, `surname`, `birthday`, `sex`) VALUES (86, 'Jae', 'Zorzutti', '1994-07-26', 'Male');
INSERT INTO `researcher` (`researcher_id`, `name`, `surname`, `birthday`, `sex`) VALUES (87, 'Herbert', 'Lockyear', '1990-02-02', 'Male');
INSERT INTO `researcher` (`researcher_id`, `name`, `surname`, `birthday`, `sex`) VALUES (88, 'Robb', 'Greswell', '1971-12-05', 'Male');
INSERT INTO `researcher` (`researcher_id`, `name`, `surname`, `birthday`, `sex`) VALUES (89, 'Trip', 'Cater', '1994-04-10', 'Male');
INSERT INTO `researcher` (`researcher_id`, `name`, `surname`, `birthday`, `sex`) VALUES (90, 'Corabelle', 'Oboy', '1978-05-31', 'Female');
INSERT INTO `researcher` (`researcher_id`, `name`, `surname`, `birthday`, `sex`) VALUES (91, 'Pascal', 'Antuoni', '1989-06-19', 'Male');
INSERT INTO `researcher` (`researcher_id`, `name`, `surname`, `birthday`, `sex`) VALUES (92, 'Yankee', 'Coaster', '1993-02-23', 'Male');
INSERT INTO `researcher` (`researcher_id`, `name`, `surname`, `birthday`, `sex`) VALUES (93, 'Carce', 'Wyke', '1986-10-05', 'Male');
INSERT INTO `researcher` (`researcher_id`, `name`, `surname`, `birthday`, `sex`) VALUES (94, 'Ronny', 'Berthon', '1994-12-28', 'Genderfluid');
INSERT INTO `researcher` (`researcher_id`, `name`, `surname`, `birthday`, `sex`) VALUES (95, 'Reggis', 'Gullan', '1974-06-07', 'Male');
INSERT INTO `researcher` (`researcher_id`, `name`, `surname`, `birthday`, `sex`) VALUES (96, 'Lenna', 'Tune', '1981-04-04', 'Bigender');
INSERT INTO `researcher` (`researcher_id`, `name`, `surname`, `birthday`, `sex`) VALUES (97, 'Debee', 'Pratten', '1965-09-07', 'Female');
INSERT INTO `researcher` (`researcher_id`, `name`, `surname`, `birthday`, `sex`) VALUES (98, 'Milicent', 'Bromby', '1979-08-31', 'Female');
INSERT INTO `researcher` (`researcher_id`, `name`, `surname`, `birthday`, `sex`) VALUES (99, 'Rod', 'Gatsby', '1984-11-04', 'Male');
INSERT INTO `researcher` (`researcher_id`, `name`, `surname`, `birthday`, `sex`) VALUES (100, 'Myrta', 'Thomkins', '1985-09-13', 'Female');
INSERT INTO `researcher` (`researcher_id`, `name`, `surname`, `birthday`, `sex`) VALUES (101, 'Viviene', 'Tosspell', '1971-12-25', 'Female');
INSERT INTO `researcher` (`researcher_id`, `name`, `surname`, `birthday`, `sex`) VALUES (102, 'Jammie', 'Ricardet', '1986-01-01', 'Female');
INSERT INTO `researcher` (`researcher_id`, `name`, `surname`, `birthday`, `sex`) VALUES (103, 'Cliff', 'Tomlins', '1984-06-02', 'Male');
INSERT INTO `researcher` (`researcher_id`, `name`, `surname`, `birthday`, `sex`) VALUES (104, 'Dorree', 'Gerbi', '1966-06-03', 'Female');
INSERT INTO `researcher` (`researcher_id`, `name`, `surname`, `birthday`, `sex`) VALUES (105, 'Brittne', 'Wattins', '1980-12-11', 'Female');
INSERT INTO `researcher` (`researcher_id`, `name`, `surname`, `birthday`, `sex`) VALUES (106, 'Bent', 'Hundey', '1980-10-30', 'Male');
INSERT INTO `researcher` (`researcher_id`, `name`, `surname`, `birthday`, `sex`) VALUES (107, 'Gloriane', 'Friett', '1971-04-20', 'Female');
INSERT INTO `researcher` (`researcher_id`, `name`, `surname`, `birthday`, `sex`) VALUES (108, 'Laurianne', 'Driver', '1979-10-07', 'Female');
INSERT INTO `researcher` (`researcher_id`, `name`, `surname`, `birthday`, `sex`) VALUES (109, 'Georgena', 'Nannizzi', '1984-05-18', 'Non-binary');
INSERT INTO `researcher` (`researcher_id`, `name`, `surname`, `birthday`, `sex`) VALUES (110, 'Collin', 'Clerc', '1986-10-28', 'Male');
INSERT INTO `researcher` (`researcher_id`, `name`, `surname`, `birthday`, `sex`) VALUES (111, 'Maximo', 'Moehle', '1974-10-24', 'Male');
INSERT INTO `researcher` (`researcher_id`, `name`, `surname`, `birthday`, `sex`) VALUES (112, 'Adelice', 'Lowden', '1989-10-13', 'Female');
INSERT INTO `researcher` (`researcher_id`, `name`, `surname`, `birthday`, `sex`) VALUES (113, 'Gilberta', 'Meiklem', '1982-05-09', 'Female');
INSERT INTO `researcher` (`researcher_id`, `name`, `surname`, `birthday`, `sex`) VALUES (114, 'Loria', 'Osmar', '1982-09-29', 'Female');
INSERT INTO `researcher` (`researcher_id`, `name`, `surname`, `birthday`, `sex`) VALUES (115, 'Cathlene', 'Sheather', '1991-08-28', 'Female');
INSERT INTO `researcher` (`researcher_id`, `name`, `surname`, `birthday`, `sex`) VALUES (116, 'Sax', 'Brokenbrow', '1984-04-11', 'Male');
INSERT INTO `researcher` (`researcher_id`, `name`, `surname`, `birthday`, `sex`) VALUES (117, 'Noreen', 'Bartul', '1966-02-03', 'Female');
INSERT INTO `researcher` (`researcher_id`, `name`, `surname`, `birthday`, `sex`) VALUES (118, 'Cathrine', 'Lammerts', '1968-12-24', 'Female');
INSERT INTO `researcher` (`researcher_id`, `name`, `surname`, `birthday`, `sex`) VALUES (119, 'Teodoor', 'Adolfson', '1968-02-26', 'Male');
INSERT INTO `researcher` (`researcher_id`, `name`, `surname`, `birthday`, `sex`) VALUES (120, 'Courtney', 'Sullly', '1972-04-28', 'Female');
INSERT INTO `researcher` (`researcher_id`, `name`, `surname`, `birthday`, `sex`) VALUES (121, 'Bettine', 'Road', '1994-04-11', 'Genderfluid');
INSERT INTO `researcher` (`researcher_id`, `name`, `surname`, `birthday`, `sex`) VALUES (122, 'Tierney', 'Fishburn', '1989-02-25', 'Female');
INSERT INTO `researcher` (`researcher_id`, `name`, `surname`, `birthday`, `sex`) VALUES (123, 'Carter', 'Ternault', '1980-01-10', 'Male');
INSERT INTO `researcher` (`researcher_id`, `name`, `surname`, `birthday`, `sex`) VALUES (124, 'Sibilla', 'Brigman', '1988-04-27', 'Female');
INSERT INTO `researcher` (`researcher_id`, `name`, `surname`, `birthday`, `sex`) VALUES (125, 'Ram', 'Thirlwell', '1967-07-26', 'Male');
INSERT INTO `researcher` (`researcher_id`, `name`, `surname`, `birthday`, `sex`) VALUES (126, 'Sonni', 'Jodlkowski', '1989-04-13', 'Female');
INSERT INTO `researcher` (`researcher_id`, `name`, `surname`, `birthday`, `sex`) VALUES (127, 'Devonna', 'Janosevic', '1978-02-14', 'Female');
INSERT INTO `researcher` (`researcher_id`, `name`, `surname`, `birthday`, `sex`) VALUES (128, 'Annetta', 'Geerits', '1977-11-23', 'Female');
INSERT INTO `researcher` (`researcher_id`, `name`, `surname`, `birthday`, `sex`) VALUES (129, 'Nicholas', 'Hebbes', '1970-09-14', 'Male');
INSERT INTO `researcher` (`researcher_id`, `name`, `surname`, `birthday`, `sex`) VALUES (130, 'Madelyn', 'Longstreeth', '1986-10-25', 'Female');
INSERT INTO `researcher` (`researcher_id`, `name`, `surname`, `birthday`, `sex`) VALUES (131, 'Sarita', 'Lashford', '1972-09-02', 'Female');
INSERT INTO `researcher` (`researcher_id`, `name`, `surname`, `birthday`, `sex`) VALUES (132, 'Joseph', 'Hawket', '1969-01-13', 'Male');
INSERT INTO `researcher` (`researcher_id`, `name`, `surname`, `birthday`, `sex`) VALUES (133, 'Mitchell', 'Lannon', '1968-08-27', 'Male');
INSERT INTO `researcher` (`researcher_id`, `name`, `surname`, `birthday`, `sex`) VALUES (134, 'Marne', 'de Courcy', '1984-08-02', 'Female');
INSERT INTO `researcher` (`researcher_id`, `name`, `surname`, `birthday`, `sex`) VALUES (135, 'Billie', 'Knappen', '1980-11-09', 'Female');
INSERT INTO `researcher` (`researcher_id`, `name`, `surname`, `birthday`, `sex`) VALUES (136, 'Maximilianus', 'Bee', '1966-09-16', 'Male');
INSERT INTO `researcher` (`researcher_id`, `name`, `surname`, `birthday`, `sex`) VALUES (137, 'Marietta', 'Asp', '1977-06-11', 'Male');
INSERT INTO `researcher` (`researcher_id`, `name`, `surname`, `birthday`, `sex`) VALUES (138, 'Alikee', 'Pigram', '1975-06-07', 'Female');
INSERT INTO `researcher` (`researcher_id`, `name`, `surname`, `birthday`, `sex`) VALUES (139, 'Iormina', 'De Hooge', '1966-02-10', 'Female');
INSERT INTO `researcher` (`researcher_id`, `name`, `surname`, `birthday`, `sex`) VALUES (140, 'Erwin', 'Colthard', '1969-10-15', 'Male');
INSERT INTO `researcher` (`researcher_id`, `name`, `surname`, `birthday`, `sex`) VALUES (141, 'Karia', 'Sutcliffe', '1984-03-22', 'Female');
INSERT INTO `researcher` (`researcher_id`, `name`, `surname`, `birthday`, `sex`) VALUES (142, 'Otho', 'Veall', '1977-12-09', 'Male');
INSERT INTO `researcher` (`researcher_id`, `name`, `surname`, `birthday`, `sex`) VALUES (143, 'Horton', 'Bampford', '1968-04-13', 'Male');
INSERT INTO `researcher` (`researcher_id`, `name`, `surname`, `birthday`, `sex`) VALUES (144, 'Deerdre', 'Tender', '1981-08-12', 'Genderfluid');
INSERT INTO `researcher` (`researcher_id`, `name`, `surname`, `birthday`, `sex`) VALUES (145, 'Garvin', 'Edington', '1969-10-17', 'Genderqueer');
INSERT INTO `researcher` (`researcher_id`, `name`, `surname`, `birthday`, `sex`) VALUES (146, 'Baxie', 'Goodluck', '1969-02-09', 'Male');
INSERT INTO `researcher` (`researcher_id`, `name`, `surname`, `birthday`, `sex`) VALUES (147, 'Boony', 'Byford', '1988-05-17', 'Male');
INSERT INTO `researcher` (`researcher_id`, `name`, `surname`, `birthday`, `sex`) VALUES (148, 'Clem', 'Muggeridge', '1974-12-02', 'Male');
INSERT INTO `researcher` (`researcher_id`, `name`, `surname`, `birthday`, `sex`) VALUES (149, 'Ashton', 'Penylton', '1977-09-13', 'Male');
INSERT INTO `researcher` (`researcher_id`, `name`, `surname`, `birthday`, `sex`) VALUES (150, 'Emmalee', 'Mohun', '1980-03-20', 'Female');
INSERT INTO `researcher` (`researcher_id`, `name`, `surname`, `birthday`, `sex`) VALUES (151, 'Roma', 'Pargiter', '1978-09-15', 'Male');
INSERT INTO `researcher` (`researcher_id`, `name`, `surname`, `birthday`, `sex`) VALUES (152, 'Elias', 'Fealey', '1985-10-01', 'Male');
INSERT INTO `researcher` (`researcher_id`, `name`, `surname`, `birthday`, `sex`) VALUES (153, 'Janot', 'MacTavish', '1978-09-04', 'Female');
INSERT INTO `researcher` (`researcher_id`, `name`, `surname`, `birthday`, `sex`) VALUES (154, 'Judi', 'Jellybrand', '1979-11-04', 'Female');
INSERT INTO `researcher` (`researcher_id`, `name`, `surname`, `birthday`, `sex`) VALUES (155, 'Helge', 'Cudd', '1988-11-25', 'Female');
INSERT INTO `researcher` (`researcher_id`, `name`, `surname`, `birthday`, `sex`) VALUES (156, 'Giacobo', 'Rollings', '1966-04-12', 'Male');
INSERT INTO `researcher` (`researcher_id`, `name`, `surname`, `birthday`, `sex`) VALUES (157, 'Manuel', 'Titford', '1969-04-02', 'Male');
INSERT INTO `researcher` (`researcher_id`, `name`, `surname`, `birthday`, `sex`) VALUES (158, 'Ritchie', 'Lorenc', '1967-10-02', 'Male');
INSERT INTO `researcher` (`researcher_id`, `name`, `surname`, `birthday`, `sex`) VALUES (159, 'Dillie', 'Andreia', '1993-05-21', 'Non-binary');
INSERT INTO `researcher` (`researcher_id`, `name`, `surname`, `birthday`, `sex`) VALUES (160, 'Mozelle', 'Pavlovsky', '1981-04-21', 'Female');
INSERT INTO `researcher` (`researcher_id`, `name`, `surname`, `birthday`, `sex`) VALUES (161, 'Merrill', 'Gosling', '1972-02-02', 'Male');
INSERT INTO `researcher` (`researcher_id`, `name`, `surname`, `birthday`, `sex`) VALUES (162, 'Kaia', 'Deakins', '1970-06-22', 'Female');
INSERT INTO `researcher` (`researcher_id`, `name`, `surname`, `birthday`, `sex`) VALUES (163, 'Stephen', 'Fiddymont', '1973-09-08', 'Male');
INSERT INTO `researcher` (`researcher_id`, `name`, `surname`, `birthday`, `sex`) VALUES (164, 'Marissa', 'Bernardeau', '1983-03-29', 'Female');
INSERT INTO `researcher` (`researcher_id`, `name`, `surname`, `birthday`, `sex`) VALUES (165, 'Gerik', 'Grindlay', '1988-07-10', 'Male');
INSERT INTO `researcher` (`researcher_id`, `name`, `surname`, `birthday`, `sex`) VALUES (166, 'Esme', 'Lyptrit', '1968-05-16', 'Female');
INSERT INTO `researcher` (`researcher_id`, `name`, `surname`, `birthday`, `sex`) VALUES (167, 'Upton', 'Nisby', '1971-06-16', 'Male');
INSERT INTO `researcher` (`researcher_id`, `name`, `surname`, `birthday`, `sex`) VALUES (168, 'Duky', 'Lapree', '1974-10-28', 'Male');
INSERT INTO `researcher` (`researcher_id`, `name`, `surname`, `birthday`, `sex`) VALUES (169, 'Nobie', 'Keeting', '1979-06-14', 'Male');
INSERT INTO `researcher` (`researcher_id`, `name`, `surname`, `birthday`, `sex`) VALUES (170, 'Sylvan', 'McKitterick', '1987-01-22', 'Male');
INSERT INTO `researcher` (`researcher_id`, `name`, `surname`, `birthday`, `sex`) VALUES (171, 'Berky', 'Gain', '1985-01-01', 'Male');
INSERT INTO `researcher` (`researcher_id`, `name`, `surname`, `birthday`, `sex`) VALUES (172, 'Jobye', 'Rizzillo', '1987-09-28', 'Female');
INSERT INTO `researcher` (`researcher_id`, `name`, `surname`, `birthday`, `sex`) VALUES (173, 'Newton', 'Cathenod', '1987-11-03', 'Male');
INSERT INTO `researcher` (`researcher_id`, `name`, `surname`, `birthday`, `sex`) VALUES (174, 'Consuelo', 'Mathiasen', '1972-01-03', 'Polygender');
INSERT INTO `researcher` (`researcher_id`, `name`, `surname`, `birthday`, `sex`) VALUES (175, 'Elysee', 'Blincko', '1992-05-27', 'Female');
INSERT INTO `researcher` (`researcher_id`, `name`, `surname`, `birthday`, `sex`) VALUES (176, 'Ken', 'Robelow', '1994-06-25', 'Male');
INSERT INTO `researcher` (`researcher_id`, `name`, `surname`, `birthday`, `sex`) VALUES (177, 'Judy', 'Brechin', '1985-04-22', 'Female');
INSERT INTO `researcher` (`researcher_id`, `name`, `surname`, `birthday`, `sex`) VALUES (178, 'Jaquelyn', 'Ferrucci', '1982-01-09', 'Female');
INSERT INTO `researcher` (`researcher_id`, `name`, `surname`, `birthday`, `sex`) VALUES (179, 'Lisabeth', 'Lalevee', '1985-05-21', 'Female');
INSERT INTO `researcher` (`researcher_id`, `name`, `surname`, `birthday`, `sex`) VALUES (180, 'Free', 'Polkinhorn', '1981-07-25', 'Male');
INSERT INTO `researcher` (`researcher_id`, `name`, `surname`, `birthday`, `sex`) VALUES (181, 'Mahmud', 'Wildash', '1984-03-30', 'Male');
INSERT INTO `researcher` (`researcher_id`, `name`, `surname`, `birthday`, `sex`) VALUES (182, 'Susette', 'Quilleash', '1980-06-23', 'Genderfluid');
INSERT INTO `researcher` (`researcher_id`, `name`, `surname`, `birthday`, `sex`) VALUES (183, 'Louie', 'Asche', '1972-10-15', 'Male');
INSERT INTO `researcher` (`researcher_id`, `name`, `surname`, `birthday`, `sex`) VALUES (184, 'Davita', 'Spray', '1984-06-28', 'Female');
INSERT INTO `researcher` (`researcher_id`, `name`, `surname`, `birthday`, `sex`) VALUES (185, 'Nadine', 'MacGillivray', '1971-10-10', 'Female');
INSERT INTO `researcher` (`researcher_id`, `name`, `surname`, `birthday`, `sex`) VALUES (186, 'Arluene', 'Edwicker', '1993-08-04', 'Female');
INSERT INTO `researcher` (`researcher_id`, `name`, `surname`, `birthday`, `sex`) VALUES (187, 'Tarrah', 'Carlozzi', '1977-04-06', 'Female');
INSERT INTO `researcher` (`researcher_id`, `name`, `surname`, `birthday`, `sex`) VALUES (188, 'Abbey', 'Kemery', '1994-06-18', 'Female');
INSERT INTO `researcher` (`researcher_id`, `name`, `surname`, `birthday`, `sex`) VALUES (189, 'Damiano', 'Polotti', '1967-11-16', 'Male');
INSERT INTO `researcher` (`researcher_id`, `name`, `surname`, `birthday`, `sex`) VALUES (190, 'Auberon', 'McKeevers', '1988-05-11', 'Male');
INSERT INTO `researcher` (`researcher_id`, `name`, `surname`, `birthday`, `sex`) VALUES (191, 'Whitman', 'Sudlow', '1985-07-26', 'Male');
INSERT INTO `researcher` (`researcher_id`, `name`, `surname`, `birthday`, `sex`) VALUES (192, 'Nelia', 'Pinkstone', '1987-09-13', 'Female');
INSERT INTO `researcher` (`researcher_id`, `name`, `surname`, `birthday`, `sex`) VALUES (193, 'Candra', 'Marchi', '1980-10-05', 'Female');
INSERT INTO `researcher` (`researcher_id`, `name`, `surname`, `birthday`, `sex`) VALUES (194, 'Lory', 'Fredi', '1994-12-28', 'Female');
INSERT INTO `researcher` (`researcher_id`, `name`, `surname`, `birthday`, `sex`) VALUES (195, 'Amalita', 'Royste', '1985-12-15', 'Female');
INSERT INTO `researcher` (`researcher_id`, `name`, `surname`, `birthday`, `sex`) VALUES (196, 'Leta', 'Riatt', '1968-08-01', 'Female');
INSERT INTO `researcher` (`researcher_id`, `name`, `surname`, `birthday`, `sex`) VALUES (197, 'Andra', 'Northidge', '1993-06-11', 'Female');
INSERT INTO `researcher` (`researcher_id`, `name`, `surname`, `birthday`, `sex`) VALUES (198, 'Dorolisa', 'Selby', '1974-12-22', 'Female');
INSERT INTO `researcher` (`researcher_id`, `name`, `surname`, `birthday`, `sex`) VALUES (199, 'Thomasina', 'Crampsy', '1989-03-06', 'Agender');
INSERT INTO `researcher` (`researcher_id`, `name`, `surname`, `birthday`, `sex`) VALUES (200, 'Quentin', 'Beamond', '1979-02-28', 'Male');
INSERT INTO `researcher` (`researcher_id`, `name`, `surname`, `birthday`, `sex`) VALUES (201, 'Persis', 'Cosgrove', '1995-01-26', 'Female');
INSERT INTO `researcher` (`researcher_id`, `name`, `surname`, `birthday`, `sex`) VALUES (202, 'Hugibert', 'McQuode', '1974-04-08', 'Male');
INSERT INTO `researcher` (`researcher_id`, `name`, `surname`, `birthday`, `sex`) VALUES (203, 'Lilias', 'Bamsey', '1972-12-19', 'Female');
INSERT INTO `researcher` (`researcher_id`, `name`, `surname`, `birthday`, `sex`) VALUES (204, 'Jere', 'Tracy', '1990-12-15', 'Male');
INSERT INTO `researcher` (`researcher_id`, `name`, `surname`, `birthday`, `sex`) VALUES (205, 'Deina', 'Zoane', '1970-08-30', 'Female');
INSERT INTO `researcher` (`researcher_id`, `name`, `surname`, `birthday`, `sex`) VALUES (206, 'Rudy', 'Cluely', '1989-07-11', 'Male');
INSERT INTO `researcher` (`researcher_id`, `name`, `surname`, `birthday`, `sex`) VALUES (207, 'Pauline', 'McDonough', '1973-02-13', 'Female');
INSERT INTO `researcher` (`researcher_id`, `name`, `surname`, `birthday`, `sex`) VALUES (208, 'Sutherlan', 'Pemble', '1979-10-14', 'Male');
INSERT INTO `researcher` (`researcher_id`, `name`, `surname`, `birthday`, `sex`) VALUES (209, 'Kelly', 'McCrackem', '1979-09-25', 'Female');
INSERT INTO `researcher` (`researcher_id`, `name`, `surname`, `birthday`, `sex`) VALUES (210, 'Quent', 'Beddingham', '1980-10-29', 'Male');
INSERT INTO `researcher` (`researcher_id`, `name`, `surname`, `birthday`, `sex`) VALUES (211, 'Collin', 'Midson', '1989-07-09', 'Male');
INSERT INTO `researcher` (`researcher_id`, `name`, `surname`, `birthday`, `sex`) VALUES (212, 'Sheilakathryn', 'Bapty', '1974-10-18', 'Female');
INSERT INTO `researcher` (`researcher_id`, `name`, `surname`, `birthday`, `sex`) VALUES (213, 'Karin', 'Andell', '1973-12-16', 'Non-binary');
INSERT INTO `researcher` (`researcher_id`, `name`, `surname`, `birthday`, `sex`) VALUES (214, 'Clari', 'Bourcq', '1983-01-14', 'Female');
INSERT INTO `researcher` (`researcher_id`, `name`, `surname`, `birthday`, `sex`) VALUES (215, 'Basil', 'Rafter', '1980-11-26', 'Male');
INSERT INTO `researcher` (`researcher_id`, `name`, `surname`, `birthday`, `sex`) VALUES (216, 'Alena', 'Olrenshaw', '1981-10-10', 'Female');
INSERT INTO `researcher` (`researcher_id`, `name`, `surname`, `birthday`, `sex`) VALUES (217, 'Northrup', 'Pitcock', '1969-06-08', 'Male');
INSERT INTO `researcher` (`researcher_id`, `name`, `surname`, `birthday`, `sex`) VALUES (218, 'Frankie', 'Stancer', '1987-01-25', 'Male');
INSERT INTO `researcher` (`researcher_id`, `name`, `surname`, `birthday`, `sex`) VALUES (219, 'Theodoric', 'Spottiswoode', '1980-02-07', 'Male');
INSERT INTO `researcher` (`researcher_id`, `name`, `surname`, `birthday`, `sex`) VALUES (220, 'Tonia', 'Arnett', '1966-01-05', 'Female');
INSERT INTO `researcher` (`researcher_id`, `name`, `surname`, `birthday`, `sex`) VALUES (221, 'Albert', 'Mottley', '1973-02-03', 'Male');
INSERT INTO `researcher` (`researcher_id`, `name`, `surname`, `birthday`, `sex`) VALUES (222, 'Renard', 'Klimpt', '1978-10-26', 'Male');
INSERT INTO `researcher` (`researcher_id`, `name`, `surname`, `birthday`, `sex`) VALUES (223, 'Axel', 'Meaney', '1966-07-15', 'Male');
INSERT INTO `researcher` (`researcher_id`, `name`, `surname`, `birthday`, `sex`) VALUES (224, 'Tatiana', 'Imison', '1966-06-19', 'Female');
INSERT INTO `researcher` (`researcher_id`, `name`, `surname`, `birthday`, `sex`) VALUES (225, 'Farley', 'Foxworthy', '1981-07-15', 'Male');
INSERT INTO `researcher` (`researcher_id`, `name`, `surname`, `birthday`, `sex`) VALUES (226, 'Arron', 'Kaine', '1971-08-09', 'Male');
INSERT INTO `researcher` (`researcher_id`, `name`, `surname`, `birthday`, `sex`) VALUES (227, 'Zarla', 'Rolfi', '1991-11-27', 'Female');
INSERT INTO `researcher` (`researcher_id`, `name`, `surname`, `birthday`, `sex`) VALUES (228, 'Yvon', 'Ellsbury', '1985-07-07', 'Male');
INSERT INTO `researcher` (`researcher_id`, `name`, `surname`, `birthday`, `sex`) VALUES (229, 'Malorie', 'Sowray', '1974-09-25', 'Female');
INSERT INTO `researcher` (`researcher_id`, `name`, `surname`, `birthday`, `sex`) VALUES (230, 'Sybyl', 'Loffel', '1989-12-30', 'Female');
INSERT INTO `researcher` (`researcher_id`, `name`, `surname`, `birthday`, `sex`) VALUES (231, 'Sutherlan', 'Silkstone', '1988-07-07', 'Male');
INSERT INTO `researcher` (`researcher_id`, `name`, `surname`, `birthday`, `sex`) VALUES (232, 'Jan', 'Warde', '1975-11-20', 'Female');
INSERT INTO `researcher` (`researcher_id`, `name`, `surname`, `birthday`, `sex`) VALUES (233, 'Magnum', 'Castelyn', '1985-11-04', 'Male');
INSERT INTO `researcher` (`researcher_id`, `name`, `surname`, `birthday`, `sex`) VALUES (234, 'Viole', 'Mickleborough', '1976-08-28', 'Female');
INSERT INTO `researcher` (`researcher_id`, `name`, `surname`, `birthday`, `sex`) VALUES (235, 'Neel', 'Spores', '1989-04-24', 'Male');
INSERT INTO `researcher` (`researcher_id`, `name`, `surname`, `birthday`, `sex`) VALUES (236, 'Jaimie', 'Rowbury', '1979-04-23', 'Female');
INSERT INTO `researcher` (`researcher_id`, `name`, `surname`, `birthday`, `sex`) VALUES (237, 'Kai', 'Lintot', '1967-11-25', 'Female');
INSERT INTO `researcher` (`researcher_id`, `name`, `surname`, `birthday`, `sex`) VALUES (238, 'Karoline', 'Panting', '1965-01-01', 'Genderqueer');
INSERT INTO `researcher` (`researcher_id`, `name`, `surname`, `birthday`, `sex`) VALUES (239, 'Al', 'Gannicleff', '1978-05-22', 'Male');
INSERT INTO `researcher` (`researcher_id`, `name`, `surname`, `birthday`, `sex`) VALUES (240, 'Haydon', 'Stoeckle', '1982-05-13', 'Male');
INSERT INTO `researcher` (`researcher_id`, `name`, `surname`, `birthday`, `sex`) VALUES (241, 'Halimeda', 'Cotterrill', '1993-12-22', 'Bigender');
INSERT INTO `researcher` (`researcher_id`, `name`, `surname`, `birthday`, `sex`) VALUES (242, 'Giustino', 'Johananov', '1982-08-30', 'Male');
INSERT INTO `researcher` (`researcher_id`, `name`, `surname`, `birthday`, `sex`) VALUES (243, 'Bret', 'Warrack', '1981-08-10', 'Male');
INSERT INTO `researcher` (`researcher_id`, `name`, `surname`, `birthday`, `sex`) VALUES (244, 'Julianne', 'Clewlow', '1977-07-20', 'Female');
INSERT INTO `researcher` (`researcher_id`, `name`, `surname`, `birthday`, `sex`) VALUES (245, 'Karmen', 'Nemchinov', '1990-09-25', 'Genderfluid');
INSERT INTO `researcher` (`researcher_id`, `name`, `surname`, `birthday`, `sex`) VALUES (246, 'Forrester', 'Jewers', '1971-09-01', 'Male');
INSERT INTO `researcher` (`researcher_id`, `name`, `surname`, `birthday`, `sex`) VALUES (247, 'Johannah', 'Klimschak', '1979-02-05', 'Genderfluid');
INSERT INTO `researcher` (`researcher_id`, `name`, `surname`, `birthday`, `sex`) VALUES (248, 'Heall', 'Brosius', '1994-11-12', 'Male');
INSERT INTO `researcher` (`researcher_id`, `name`, `surname`, `birthday`, `sex`) VALUES (249, 'Caryl', 'Narracott', '1977-06-14', 'Female');
INSERT INTO `researcher` (`researcher_id`, `name`, `surname`, `birthday`, `sex`) VALUES (250, 'Rebecca', 'Potter', '1978-10-25', 'Agender');
INSERT INTO `researcher` (`researcher_id`, `name`, `surname`, `birthday`, `sex`) VALUES (251, 'Lovell', 'Damrel', '1968-09-19', 'Male');
INSERT INTO `researcher` (`researcher_id`, `name`, `surname`, `birthday`, `sex`) VALUES (252, 'Jerald', 'Beney', '1973-01-30', 'Male');
INSERT INTO `researcher` (`researcher_id`, `name`, `surname`, `birthday`, `sex`) VALUES (253, 'Misti', 'Cloney', '1983-04-25', 'Female');
INSERT INTO `researcher` (`researcher_id`, `name`, `surname`, `birthday`, `sex`) VALUES (254, 'Shelden', 'Brekonridge', '1983-02-18', 'Male');
INSERT INTO `researcher` (`researcher_id`, `name`, `surname`, `birthday`, `sex`) VALUES (255, 'Abby', 'Lippett', '1994-05-16', 'Female');
INSERT INTO `researcher` (`researcher_id`, `name`, `surname`, `birthday`, `sex`) VALUES (256, 'Wendye', 'Silverman', '1971-04-23', 'Female');
INSERT INTO `researcher` (`researcher_id`, `name`, `surname`, `birthday`, `sex`) VALUES (257, 'Jobie', 'Slateford', '1986-09-08', 'Female');
INSERT INTO `researcher` (`researcher_id`, `name`, `surname`, `birthday`, `sex`) VALUES (258, 'Claudelle', 'Burroughes', '1995-08-16', 'Female');
INSERT INTO `researcher` (`researcher_id`, `name`, `surname`, `birthday`, `sex`) VALUES (259, 'Helga', 'McAndie', '1985-12-25', 'Female');
INSERT INTO `researcher` (`researcher_id`, `name`, `surname`, `birthday`, `sex`) VALUES (260, 'Arin', 'Schulken', '1966-10-27', 'Genderfluid');
INSERT INTO `researcher` (`researcher_id`, `name`, `surname`, `birthday`, `sex`) VALUES (261, 'Ruthann', 'Keniwell', '1987-06-20', 'Female');
INSERT INTO `researcher` (`researcher_id`, `name`, `surname`, `birthday`, `sex`) VALUES (262, 'Trude', 'Graveston', '1976-09-07', 'Female');
INSERT INTO `researcher` (`researcher_id`, `name`, `surname`, `birthday`, `sex`) VALUES (263, 'Malia', 'Gocke', '1994-09-20', 'Female');
INSERT INTO `researcher` (`researcher_id`, `name`, `surname`, `birthday`, `sex`) VALUES (264, 'Noel', 'Fuller', '1983-01-06', 'Female');
INSERT INTO `researcher` (`researcher_id`, `name`, `surname`, `birthday`, `sex`) VALUES (265, 'Corette', 'Dodgshun', '1972-09-20', 'Female');
INSERT INTO `researcher` (`researcher_id`, `name`, `surname`, `birthday`, `sex`) VALUES (266, 'Ilse', 'Kellough', '1965-08-30', 'Female');
INSERT INTO `researcher` (`researcher_id`, `name`, `surname`, `birthday`, `sex`) VALUES (267, 'Brianna', 'Matyja', '1984-05-15', 'Female');
INSERT INTO `researcher` (`researcher_id`, `name`, `surname`, `birthday`, `sex`) VALUES (268, 'Grethel', 'Boxe', '1995-01-22', 'Female');
INSERT INTO `researcher` (`researcher_id`, `name`, `surname`, `birthday`, `sex`) VALUES (269, 'Juliet', 'Nono', '1992-03-17', 'Female');
INSERT INTO `researcher` (`researcher_id`, `name`, `surname`, `birthday`, `sex`) VALUES (270, 'Gabriella', 'Etienne', '1972-11-27', 'Female');
INSERT INTO `researcher` (`researcher_id`, `name`, `surname`, `birthday`, `sex`) VALUES (271, 'Appolonia', 'Tilbey', '1969-12-10', 'Female');
INSERT INTO `researcher` (`researcher_id`, `name`, `surname`, `birthday`, `sex`) VALUES (272, 'Clair', 'Creany', '1972-09-07', 'Male');
INSERT INTO `researcher` (`researcher_id`, `name`, `surname`, `birthday`, `sex`) VALUES (273, 'Kay', 'Oswal', '1983-09-04', 'Female');
INSERT INTO `researcher` (`researcher_id`, `name`, `surname`, `birthday`, `sex`) VALUES (274, 'Tabitha', 'Abilowitz', '1987-02-01', 'Female');
INSERT INTO `researcher` (`researcher_id`, `name`, `surname`, `birthday`, `sex`) VALUES (275, 'Cookie', 'Siseland', '1973-04-24', 'Female');
INSERT INTO `researcher` (`researcher_id`, `name`, `surname`, `birthday`, `sex`) VALUES (276, 'Garek', 'Acton', '1977-03-24', 'Male');
INSERT INTO `researcher` (`researcher_id`, `name`, `surname`, `birthday`, `sex`) VALUES (277, 'Maitilde', 'Stinson', '1971-10-19', 'Genderqueer');
INSERT INTO `researcher` (`researcher_id`, `name`, `surname`, `birthday`, `sex`) VALUES (278, 'Mufinella', 'Borres', '1981-05-20', 'Female');
INSERT INTO `researcher` (`researcher_id`, `name`, `surname`, `birthday`, `sex`) VALUES (279, 'Lorens', 'Maltby', '1992-12-19', 'Male');
INSERT INTO `researcher` (`researcher_id`, `name`, `surname`, `birthday`, `sex`) VALUES (280, 'Chandal', 'Laight', '1974-04-19', 'Female');
INSERT INTO `researcher` (`researcher_id`, `name`, `surname`, `birthday`, `sex`) VALUES (281, 'Allen', 'Lammerich', '1989-09-12', 'Bigender');
INSERT INTO `researcher` (`researcher_id`, `name`, `surname`, `birthday`, `sex`) VALUES (282, 'Ranice', 'Dilloway', '1978-01-31', 'Female');
INSERT INTO `researcher` (`researcher_id`, `name`, `surname`, `birthday`, `sex`) VALUES (283, 'Ame', 'Matuszinski', '1991-10-26', 'Female');
INSERT INTO `researcher` (`researcher_id`, `name`, `surname`, `birthday`, `sex`) VALUES (284, 'Thom', 'Shadfourth', '1987-08-26', 'Male');
INSERT INTO `researcher` (`researcher_id`, `name`, `surname`, `birthday`, `sex`) VALUES (285, 'Cece', 'McIlreavy', '1972-12-10', 'Male');
INSERT INTO `researcher` (`researcher_id`, `name`, `surname`, `birthday`, `sex`) VALUES (286, 'Kyle', 'Hercock', '1971-02-09', 'Female');
INSERT INTO `researcher` (`researcher_id`, `name`, `surname`, `birthday`, `sex`) VALUES (287, 'Wilfred', 'McIlhone', '1976-07-23', 'Male');
INSERT INTO `researcher` (`researcher_id`, `name`, `surname`, `birthday`, `sex`) VALUES (288, 'Jozef', 'Billison', '1985-01-02', 'Male');
INSERT INTO `researcher` (`researcher_id`, `name`, `surname`, `birthday`, `sex`) VALUES (289, 'Aymer', 'Breddy', '1990-04-04', 'Male');
INSERT INTO `researcher` (`researcher_id`, `name`, `surname`, `birthday`, `sex`) VALUES (290, 'Natalie', 'Jimson', '1988-08-11', 'Female');
INSERT INTO `researcher` (`researcher_id`, `name`, `surname`, `birthday`, `sex`) VALUES (291, 'Hew', 'Tender', '1978-07-09', 'Male');
INSERT INTO `researcher` (`researcher_id`, `name`, `surname`, `birthday`, `sex`) VALUES (292, 'Cello', 'Mersey', '1973-04-16', 'Bigender');
INSERT INTO `researcher` (`researcher_id`, `name`, `surname`, `birthday`, `sex`) VALUES (293, 'Josiah', 'Townend', '1988-04-26', 'Male');
INSERT INTO `researcher` (`researcher_id`, `name`, `surname`, `birthday`, `sex`) VALUES (294, 'Brenden', 'Edison', '1993-11-29', 'Male');
INSERT INTO `researcher` (`researcher_id`, `name`, `surname`, `birthday`, `sex`) VALUES (295, 'Janie', 'Rudinger', '1994-07-07', 'Female');
INSERT INTO `researcher` (`researcher_id`, `name`, `surname`, `birthday`, `sex`) VALUES (296, 'Sawyere', 'Tubb', '1965-04-26', 'Male');
INSERT INTO `researcher` (`researcher_id`, `name`, `surname`, `birthday`, `sex`) VALUES (297, 'Skye', 'Cobon', '1990-04-05', 'Male');
INSERT INTO `researcher` (`researcher_id`, `name`, `surname`, `birthday`, `sex`) VALUES (298, 'Alfi', 'Strangman', '1985-06-03', 'Female');
INSERT INTO `researcher` (`researcher_id`, `name`, `surname`, `birthday`, `sex`) VALUES (299, 'Dorena', 'Kebell', '1967-12-09', 'Female');
INSERT INTO `researcher` (`researcher_id`, `name`, `surname`, `birthday`, `sex`) VALUES (300, 'Bogey', 'Sanson', '1983-07-01', 'Male');


INSERT INTO `organization` (`abbreviation`, `name`, `post_code`, `road`, `town`) VALUES ('AaS', 'Adams and Sons', 81479, '122 Schultz Spurs', 'South Dudley');
INSERT INTO `organization` (`abbreviation`, `name`, `post_code`, `road`, `town`) VALUES ('ARC', 'Ankunding, Rutherford and Coll', 35855, '430 Bessie Landing', 'Josianeport');
INSERT INTO `organization` (`abbreviation`, `name`, `post_code`, `road`, `town`) VALUES ('BKM','Block, Mraz and Kuphal', 15821, '636 Cayla Court Apt. 754', 'Allytown');
INSERT INTO `organization` (`abbreviation`, `name`, `post_code`, `road`, `town`) VALUES ('BG', 'Boehm Group', 56609, '910 Prohaska Plains', 'Port Lillytown');
INSERT INTO `organization` (`abbreviation`, `name`, `post_code`, `road`, `town`) VALUES ('BHK', 'Brown, Herzog and Kihn', 21159, '62561 Nikolaus Extension Apt. ', 'Port Vidafort');
INSERT INTO `organization` (`abbreviation`, `name`, `post_code`, `road`, `town`) VALUES ('CaMo', 'Carroll-Moore', 81665, '006 Micah Pass', 'Arvillahaven');
INSERT INTO `organization` (`abbreviation`, `name`, `post_code`, `road`, `town`) VALUES ('CaHe', 'Casper-Herman', 97258, '871 Trycia Forge', 'Lonieshire');
INSERT INTO `organization` (`abbreviation`, `name`, `post_code`, `road`, `town`) VALUES ('CGr', 'Corkery Group', 26441, '1841 Kiana Harbor Suite 863', 'North Jettland');
INSERT INTO `organization` (`abbreviation`, `name`, `post_code`, `road`, `town`) VALUES ('CrInc', 'Cronin Inc', 61337, '85588 Samantha Inlet Suite 954', 'Celineside');
INSERT INTO `organization` (`abbreviation`, `name`, `post_code`, `road`, `town`) VALUES ('CrDu', 'Cronin-Durgan', 53338, '50614 Gislason Manors Apt. 725', 'O\'Reillymouth');
INSERT INTO `organization` (`abbreviation`, `name`, `post_code`, `road`, `town`) VALUES ('DaLtd', 'Daniel Ltd', 43539, '099 Kohler Divide', 'Alfview');
INSERT INTO `organization` (`abbreviation`, `name`, `post_code`, `road`, `town`) VALUES ('EmInc', 'Emmerich Inc', 98553, '90954 Ruecker Walks Suite 854', 'Port Savannahhaven');
INSERT INTO `organization` (`abbreviation`, `name`, `post_code`, `road`, `town`) VALUES ('FCM', 'Fahey, Connelly and McLaughlin', 20565, '08116 Jed Crossroad', 'North Cydneyborough');
INSERT INTO `organization` (`abbreviation`, `name`, `post_code`, `road`, `town`) VALUES ('FaS', 'Fisher and Sons', 76821, '2680 Harmony Viaduct', 'Olsontown');
INSERT INTO `organization` (`abbreviation`, `name`, `post_code`, `road`, `town`) VALUES ('GTM', 'Gorczany, Torp and Mraz', 76197, '53238 Collins Turnpike Suite 6', 'New Nedra');
INSERT INTO `organization` (`abbreviation`, `name`, `post_code`, `road`, `town`) VALUES ('GrEr', 'Grady-Ernser', 24030, '845 Ansley Tunnel', 'Boscostad');
INSERT INTO `organization` (`abbreviation`, `name`, `post_code`, `road`, `town`) VALUES ('GrInc', 'Greenholt Inc', 75910, '82351 Runolfsdottir Corners Ap', 'South Maya');
INSERT INTO `organization` (`abbreviation`, `name`, `post_code`, `road`, `town`) VALUES ('HTP', 'Haley, Turner and Pollich', 43100, '5425 Dorcas Skyway', 'West Trinityview');
INSERT INTO `organization` (`abbreviation`, `name`, `post_code`, `road`, `town`) VALUES ('HaHe', 'Hane-Heidenreich', 18416, '5297 Sigurd Ridge Suite 877', 'Port Calechester');
INSERT INTO `organization` (`abbreviation`, `name`, `post_code`, `road`, `town`) VALUES ('HeRa', 'Hegmann-Rath', 62456, '851 Kessler Fork Apt. 772', 'West Robbieberg');
INSERT INTO `organization` (`abbreviation`, `name`, `post_code`, `road`, `town`) VALUES ('HeLtd', 'Heidenreich Ltd', 41064, '812 Wolff Oval Apt. 864', 'Harberfort');
INSERT INTO `organization` (`abbreviation`, `name`, `post_code`, `road`, `town`) VALUES ('HSJ', 'Hickle, Shanahan and Johnson', 60837, '54490 Rosenbaum Summit', 'Yadiramouth');
INSERT INTO `organization` (`abbreviation`, `name`, `post_code`, `road`, `town`) VALUES ('JSP', 'Johnson, Shanahan and Parisian', 51436, '8391 Dickinson Fort', 'North Lydia');
INSERT INTO `organization` (`abbreviation`, `name`, `post_code`, `road`, `town`) VALUES ('JohnGr', 'Johnston Group', 62517, '9147 Noemi Mountains', 'Bogisichberg');
INSERT INTO `organization` (`abbreviation`, `name`, `post_code`, `road`, `town`) VALUES ('KeInc', 'Kertzmann Inc', 49864, '23386 Gerald Knoll Suite 430', 'South Sadie');
INSERT INTO `organization` (`abbreviation`, `name`, `post_code`, `road`, `town`) VALUES ('KHH', 'Kertzmann, Hudson and Hodkiewi', 22060, '92693 Mueller Square', 'Lake Hildegardmouth');
INSERT INTO `organization` (`abbreviation`, `name`, `post_code`, `road`, `town`) VALUES ('KoBr', 'Kohler-Bruen', 44404, '609 Frami Port Apt. 173', 'Port Stevestad');
INSERT INTO `organization` (`abbreviation`, `name`, `post_code`, `road`, `town`) VALUES ('KRD', 'Kohler, Ritchie and DuBuque', 68597, '4996 Ed Crescent', 'South Katheryn');
INSERT INTO `organization` (`abbreviation`, `name`, `post_code`, `road`, `town`) VALUES ('LCK', 'Labadie, Cronin and Koch', 78102, '19799 Mckenna Rue Suite 381', 'Lemkestad');
INSERT INTO `organization` (`abbreviation`, `name`, `post_code`, `road`, `town`) VALUES ('LeLtd', 'Leffler Ltd', 93979, '58346 Gilbert Track Suite 805', 'Dorotheaport');
INSERT INTO `organization` (`abbreviation`, `name`, `post_code`, `road`, `town`) VALUES ('LMH', 'Littel, Mertz and Haley', 36211, '3938 Schulist Road Apt. 843', 'South Jordanburgh');
INSERT INTO `organization` (`abbreviation`, `name`, `post_code`, `road`, `town`) VALUES ('LoSw', 'Lowe-Swaniawski', 59749, '102 Maxime Roads', 'North Soledadborough');
INSERT INTO `organization` (`abbreviation`, `name`, `post_code`, `road`, `town`) VALUES ('MaSt', 'Marvin-Stoltenberg', 72939, '83328 Schiller Common', 'Lake Christinabury');
INSERT INTO `organization` (`abbreviation`, `name`, `post_code`, `road`, `town`) VALUES ('MuWi', 'Murazik-Willms', 89380, '76036 Adams Plain', 'New Jonathon');
INSERT INTO `organization` (`abbreviation`, `name`, `post_code`, `road`, `town`) VALUES ('MuLtd', 'Murray Ltd', 55741, '0518 Murphy Isle Suite 182', 'Port Candacefort');
INSERT INTO `organization` (`abbreviation`, `name`, `post_code`, `road`, `town`) VALUES ('CoGl', 'Connell-Gleason', 37447, '261 Paucek Glen Apt. 601', 'Port Gustaveside');
INSERT INTO `organization` (`abbreviation`, `name`, `post_code`, `road`, `town`) VALUES ('CoKo', 'Collins and Kon', 24272, '61414 Sipes Inlet Suite 242', 'Vedachester');
INSERT INTO `organization` (`abbreviation`, `name`, `post_code`, `road`, `town`) VALUES ('WJ', 'Jacobson and White', 31193, '2658 Kuhic Brook', 'Kassulkebury');
INSERT INTO `organization` (`abbreviation`, `name`, `post_code`, `road`, `town`) VALUES ('OFad','Ortiz-Fadel', 78191, '7520 Collins Gardens Apt. 251', 'North Laverne');
INSERT INTO `organization` (`abbreviation`, `name`, `post_code`, `road`, `town`) VALUES ('PacoG','Pacocha-Glover', 17529, '450 Wilhelmine Points Apt. 038', 'Manteland');
INSERT INTO `organization` (`abbreviation`, `name`, `post_code`, `road`, `town`) VALUES ('StM', 'Stamm and Monahan', 75111, '4518 Johnnie Ford Apt. 650', 'Framitown');
INSERT INTO `organization` (`abbreviation`, `name`, `post_code`, `road`, `town`) VALUES ('RuInc','Ruecker Inc', 10182, '79613 Ryan Expressway Suite 44', 'Judgechester');
INSERT INTO `organization` (`abbreviation`, `name`, `post_code`, `road`, `town`) VALUES ('RunBa','Runolfsson-Bashirian', 17109, '47716 Hamill Shores', 'Port Bobbieton');
INSERT INTO `organization` (`abbreviation`, `name`, `post_code`, `road`, `town`) VALUES ('RLLC','Rutherford LLC', 34309, '146 Padberg Inlet Apt. 593', 'Andersonmouth');
INSERT INTO `organization` (`abbreviation`, `name`, `post_code`, `road`, `town`) VALUES ('RyanG','Ryan Group', 52717, '21210 Kozey Light Suite 294', 'New Alexanne');
INSERT INTO `organization` (`abbreviation`, `name`, `post_code`, `road`, `town`) VALUES ('GK', 'Gislason and Kuvalis', 88070, '3196 Edwardo Cape', 'Lake Mariettaview');
INSERT INTO `organization` (`abbreviation`, `name`, `post_code`, `road`, `town`) VALUES ('SteKo','Stehr-Kovacek', 39307, '86517 Turcotte Isle', 'Schummport');
INSERT INTO `organization` (`abbreviation`, `name`, `post_code`, `road`, `town`) VALUES ('LeBa', 'Lemke and Bayer', 52663, '137 Feeney Track Apt. 128', 'Lake Alisonside');
INSERT INTO `organization` (`abbreviation`, `name`, `post_code`, `road`, `town`) VALUES ('St.M', 'Stokes-Maggio', 72789, '640 Deckow Bypass', 'Port Maximus');
INSERT INTO `organization` (`abbreviation`, `name`, `post_code`, `road`, `town`) VALUES ('MuPu', 'Mueller and Purdy', 49742, '1074 Jamey Plains Apt. 260', 'Pagacville');


INSERT INTO `phone` (`abbreviation`, `phone_number`) VALUES ('Aas', '6929726700');
INSERT INTO `phone` (`abbreviation`, `phone_number`) VALUES ('Aas', '6925345808');
INSERT INTO `phone` (`abbreviation`, `phone_number`) VALUES ('ARC', '6943359253');
INSERT INTO `phone` (`abbreviation`, `phone_number`) VALUES ('BKM', '6962827015');
INSERT INTO `phone` (`abbreviation`, `phone_number`) VALUES ('BKM', '6932123455');
INSERT INTO `phone` (`abbreviation`, `phone_number`) VALUES ('BG', '6958028761');
INSERT INTO `phone` (`abbreviation`, `phone_number`) VALUES ('BHK', '6910765806');
INSERT INTO `phone` (`abbreviation`, `phone_number`) VALUES ('BHK', '2105676674');
INSERT INTO `phone` (`abbreviation`, `phone_number`) VALUES ('BHK', '2105545324');
INSERT INTO `phone` (`abbreviation`, `phone_number`) VALUES ('CaMo', '6941574592');
INSERT INTO `phone` (`abbreviation`, `phone_number`) VALUES ('CaHe', '6970587334');
INSERT INTO `phone` (`abbreviation`, `phone_number`) VALUES ('CaHe', '2104565788');
INSERT INTO `phone` (`abbreviation`, `phone_number`) VALUES ('CGr', '6980618836');
INSERT INTO `phone` (`abbreviation`, `phone_number`) VALUES ('CGr', '6954329324');
INSERT INTO `phone` (`abbreviation`, `phone_number`) VALUES ('CrInc', '6928255520');
INSERT INTO `phone` (`abbreviation`, `phone_number`) VALUES ('CrInc', '6924341420');
INSERT INTO `phone` (`abbreviation`, `phone_number`) VALUES ('CrDu', '6994337609 ');
INSERT INTO `phone` (`abbreviation`, `phone_number`) VALUES ('DaLtd', '6971627285');
INSERT INTO `phone` (`abbreviation`, `phone_number`) VALUES ('EmInc', '6945363200');
INSERT INTO `phone` (`abbreviation`, `phone_number`) VALUES ('FCM', '6977587521');
INSERT INTO `phone` (`abbreviation`, `phone_number`) VALUES ('FCM', '6987893210');
INSERT INTO `phone` (`abbreviation`, `phone_number`) VALUES ('FaS', '6977587521');
INSERT INTO `phone` (`abbreviation`, `phone_number`) VALUES ('GTM', '6977587521');
INSERT INTO `phone` (`abbreviation`, `phone_number`) VALUES ('GrEr', '6950316387');
INSERT INTO `phone` (`abbreviation`, `phone_number`) VALUES ('GrEr', '6942566563');
INSERT INTO `phone` (`abbreviation`, `phone_number`) VALUES ('GrInc', '6955583121');
INSERT INTO `phone` (`abbreviation`, `phone_number`) VALUES ('HTP', '6976748429');
INSERT INTO `phone` (`abbreviation`, `phone_number`) VALUES ('HTP', '2105335533');
INSERT INTO `phone` (`abbreviation`, `phone_number`) VALUES ('HaHe', '6938252868');
INSERT INTO `phone` (`abbreviation`, `phone_number`) VALUES ('HeRa', '6994117265');
INSERT INTO `phone` (`abbreviation`, `phone_number`) VALUES ('HeLtd', '6965511603');
INSERT INTO `phone` (`abbreviation`, `phone_number`) VALUES ('HSJ', '6974301055');
INSERT INTO `phone` (`abbreviation`, `phone_number`) VALUES ('HSJ', '6975474363');
INSERT INTO `phone` (`abbreviation`, `phone_number`) VALUES ('JSP', '6916140285');
INSERT INTO `phone` (`abbreviation`, `phone_number`) VALUES ('JohnGr', '6948433933');
INSERT INTO `phone` (`abbreviation`, `phone_number`) VALUES ('KeInc', '6957299780');
INSERT INTO `phone` (`abbreviation`, `phone_number`) VALUES ('KHH', '6997738314');
INSERT INTO `phone` (`abbreviation`, `phone_number`) VALUES ('KoBr', '6991096946');
INSERT INTO `phone` (`abbreviation`, `phone_number`) VALUES ('KoBr', '2105456765');
INSERT INTO `phone` (`abbreviation`, `phone_number`) VALUES ('KRD', '6985583889');
INSERT INTO `phone` (`abbreviation`, `phone_number`) VALUES ('LCK', '6940016569');
INSERT INTO `phone` (`abbreviation`, `phone_number`) VALUES ('LeLtd', '6911582664');
INSERT INTO `phone` (`abbreviation`, `phone_number`) VALUES ('LeLtd', '6954564324');
INSERT INTO `phone` (`abbreviation`, `phone_number`) VALUES ('LMH', '6951026428');
INSERT INTO `phone` (`abbreviation`, `phone_number`) VALUES ('LoSw', '6907712409');
INSERT INTO `phone` (`abbreviation`, `phone_number`) VALUES ('MaSt', '6975821190');
INSERT INTO `phone` (`abbreviation`, `phone_number`) VALUES ('MuWi', '6985163967');
INSERT INTO `phone` (`abbreviation`, `phone_number`) VALUES ('MuLtd', '6925863976');
INSERT INTO `phone` (`abbreviation`, `phone_number`) VALUES ('CoGl', '6917027491');
INSERT INTO `phone` (`abbreviation`, `phone_number`) VALUES ('CoKo', '6923307476');
INSERT INTO `phone` (`abbreviation`, `phone_number`) VALUES ('WJ', '6912624139');
INSERT INTO `phone` (`abbreviation`, `phone_number`) VALUES ('OFad', '6961097574');
INSERT INTO `phone` (`abbreviation`, `phone_number`) VALUES ('OFad', '6964424234');
INSERT INTO `phone` (`abbreviation`, `phone_number`) VALUES ('PacoG', '6956515646');
INSERT INTO `phone` (`abbreviation`, `phone_number`) VALUES ('StM', '6962619219');
INSERT INTO `phone` (`abbreviation`, `phone_number`) VALUES ('RuInc', '6971394008');
INSERT INTO `phone` (`abbreviation`, `phone_number`) VALUES ('RuInc', '6946646433');
INSERT INTO `phone` (`abbreviation`, `phone_number`) VALUES ('RunBa', '6944883635');
INSERT INTO `phone` (`abbreviation`, `phone_number`) VALUES ('RLLC', '6945771431');
INSERT INTO `phone` (`abbreviation`, `phone_number`) VALUES ('RLLC', '2103454322');
INSERT INTO `phone` (`abbreviation`, `phone_number`) VALUES ('RyanG', '6933579805');
INSERT INTO `phone` (`abbreviation`, `phone_number`) VALUES ('RyanG', '2105456543');
INSERT INTO `phone` (`abbreviation`, `phone_number`) VALUES ('GK', '6965817628');
INSERT INTO `phone` (`abbreviation`, `phone_number`) VALUES ('SteKo', '6989826369');
INSERT INTO `phone` (`abbreviation`, `phone_number`) VALUES ('LeBa', '6938416022');
INSERT INTO `phone` (`abbreviation`, `phone_number`) VALUES ('LeBa', '6946645574');
INSERT INTO `phone` (`abbreviation`, `phone_number`) VALUES ('St.M', '6931965897');
INSERT INTO `phone` (`abbreviation`, `phone_number`) VALUES ('St.M', '2104577424');
INSERT INTO `phone` (`abbreviation`, `phone_number`) VALUES ('MuPu', '6907881919');
INSERT INTO `phone` (`abbreviation`, `phone_number`) VALUES ('MuPu', '6978643574');
INSERT INTO `phone` (`abbreviation`, `phone_number`) VALUES ('MuPu', '6969050440');



INSERT INTO `university` (`abbreviation`, `budget`) VALUES ('HeLtd', '530017.88');
INSERT INTO `university` (`abbreviation`, `budget`) VALUES ('HSJ', '332027.71');
INSERT INTO `university` (`abbreviation`, `budget`) VALUES ('JSP', '960049.70');
INSERT INTO `university` (`abbreviation`, `budget`) VALUES ('JohnGr', '201880.06');
INSERT INTO `university` (`abbreviation`, `budget`) VALUES ('KeInc', '380496.95');
INSERT INTO `university` (`abbreviation`, `budget`) VALUES ('KHH', '270686.31');
INSERT INTO `university` (`abbreviation`, `budget`) VALUES ('KoBr', '350368.93');
INSERT INTO `university` (`abbreviation`, `budget`) VALUES ('KRD', '400606.56');
INSERT INTO `university` (`abbreviation`, `budget`) VALUES ('LCK', '550088.69');
INSERT INTO `university` (`abbreviation`, `budget`) VALUES ('LeLtd', '141679.93');
INSERT INTO `university` (`abbreviation`, `budget`) VALUES ('LMH', '239428.53');
INSERT INTO `university` (`abbreviation`, `budget`) VALUES ('LoSw', '510456.68');
INSERT INTO `university` (`abbreviation`, `budget`) VALUES ('MaSt', '537053.38');
INSERT INTO `university` (`abbreviation`, `budget`) VALUES ('MuWi', '234082.04');
INSERT INTO `university` (`abbreviation`, `budget`) VALUES ('MuLtd', '740430.88');
INSERT INTO `university` (`abbreviation`, `budget`) VALUES ('CoGl', '167335.99');
INSERT INTO `university` (`abbreviation`, `budget`) VALUES ('CoKo', '300606.12');
INSERT INTO `university` (`abbreviation`, `budget`) VALUES ('WJ', '500114.05');
INSERT INTO `university` (`abbreviation`, `budget`) VALUES ('OFad', '128979.04');
INSERT INTO `university` (`abbreviation`, `budget`) VALUES ('PacoG', '830111.34');


INSERT INTO `scientific_center` (`abbreviation`, `budget_ministry`, `budget_private`) VALUES ('StM', '344118.13', '390846.01');
INSERT INTO `scientific_center` (`abbreviation`, `budget_ministry`, `budget_private`) VALUES ('RuInc', '882819.05', '650854.50');
INSERT INTO `scientific_center` (`abbreviation`, `budget_ministry`, `budget_private`) VALUES ('RunBa', '444897.49', '105802.96');
INSERT INTO `scientific_center` (`abbreviation`, `budget_ministry`, `budget_private`) VALUES ('RLLC', '313455.12', '570152.37');
INSERT INTO `scientific_center` (`abbreviation`, `budget_ministry`, `budget_private`) VALUES ('RyanG', '391593.04', '289355.33');
INSERT INTO `scientific_center` (`abbreviation`, `budget_ministry`, `budget_private`) VALUES ('GK', '117597.30', '244442.10');
INSERT INTO `scientific_center` (`abbreviation`, `budget_ministry`, `budget_private`) VALUES ('SteKo', '377559.72', '276355.49');
INSERT INTO `scientific_center` (`abbreviation`, `budget_ministry`, `budget_private`) VALUES ('LeBa', '362546.43', '205030.20');
INSERT INTO `scientific_center` (`abbreviation`, `budget_ministry`, `budget_private`) VALUES ('St.M', '133377.78', '370897.54');
INSERT INTO `scientific_center` (`abbreviation`, `budget_ministry`, `budget_private`) VALUES ('Mupu', '299595.43', '231006.45');

INSERT INTO `company` (`abbreviation`, `private_funding`) VALUES ('AaS', '457087.26');
INSERT INTO `company` (`abbreviation`, `private_funding`) VALUES ('ARC', '922571.05');
INSERT INTO `company` (`abbreviation`, `private_funding`) VALUES ('BKM', '275387.32');
INSERT INTO `company` (`abbreviation`, `private_funding`) VALUES ('BG', '480208.14');
INSERT INTO `company` (`abbreviation`, `private_funding`) VALUES ('BHK', '430250.11');
INSERT INTO `company` (`abbreviation`, `private_funding`) VALUES ('CaMo', '352986.77');
INSERT INTO `company` (`abbreviation`, `private_funding`) VALUES ('CaHe', '644154.71');
INSERT INTO `company` (`abbreviation`, `private_funding`) VALUES ('CGr', '130446.70');
INSERT INTO `company` (`abbreviation`, `private_funding`) VALUES ('CrInc', '190260.87');
INSERT INTO `company` (`abbreviation`, `private_funding`) VALUES ('CrDu', '288248.29');
INSERT INTO `company` (`abbreviation`, `private_funding`) VALUES ('DaLtd', '332232.82');
INSERT INTO `company` (`abbreviation`, `private_funding`) VALUES ('EmInc', '102191.66');
INSERT INTO `company` (`abbreviation`, `private_funding`) VALUES ('FCM', '423391.70');
INSERT INTO `company` (`abbreviation`, `private_funding`) VALUES ('FaS', '406612.53');
INSERT INTO `company` (`abbreviation`, `private_funding`) VALUES ('GTM', '291231.21');
INSERT INTO `company` (`abbreviation`, `private_funding`) VALUES ('GrEr', '456009.61');
INSERT INTO `company` (`abbreviation`, `private_funding`) VALUES ('GrInc', '339083.05');
INSERT INTO `company` (`abbreviation`, `private_funding`) VALUES ('HTP', '511644.11');
INSERT INTO `company` (`abbreviation`, `private_funding`) VALUES ('HaHe', '372370.49');
INSERT INTO `company` (`abbreviation`, `private_funding`) VALUES ('HeRa', '361175.45');

/*
PARAKATW EINAI TA SCIENTIFIC INSPECTOR
*/
INSERT INTO `employee_relation` (`researcher_id`, `abbreviation`, `start_working_date`) VALUES (1, 'Aas', '2014-03-29');
INSERT INTO `employee_relation` (`researcher_id`, `abbreviation`, `start_working_date`) VALUES (2, 'ARC', '2016-01-10');
INSERT INTO `employee_relation` (`researcher_id`, `abbreviation`, `start_working_date`) VALUES (3, 'BKM', '2015-05-03');
INSERT INTO `employee_relation` (`researcher_id`, `abbreviation`, `start_working_date`) VALUES (4, 'BG', '2016-12-27');
INSERT INTO `employee_relation` (`researcher_id`, `abbreviation`, `start_working_date`) VALUES (5, 'BHK', '2017-04-19');
INSERT INTO `employee_relation` (`researcher_id`, `abbreviation`, `start_working_date`) VALUES (6, 'CaMo', '2017-08-24');
INSERT INTO `employee_relation` (`researcher_id`, `abbreviation`, `start_working_date`) VALUES (7, 'CaHe', '2015-11-20');
INSERT INTO `employee_relation` (`researcher_id`, `abbreviation`, `start_working_date`) VALUES (8, 'CGr', '2014-04-17');
INSERT INTO `employee_relation` (`researcher_id`, `abbreviation`, `start_working_date`) VALUES (9, 'CrInc', '2015-12-16');
INSERT INTO `employee_relation` (`researcher_id`, `abbreviation`, `start_working_date`) VALUES (10, 'CrDu', '2010-11-10');
INSERT INTO `employee_relation` (`researcher_id`, `abbreviation`, `start_working_date`) VALUES (11, 'DaLtd', '2014-11-02');
INSERT INTO `employee_relation` (`researcher_id`, `abbreviation`, `start_working_date`) VALUES (12, 'EmInc', '2017-11-09');
INSERT INTO `employee_relation` (`researcher_id`, `abbreviation`, `start_working_date`) VALUES (13, 'FCM', '2016-10-15');
INSERT INTO `employee_relation` (`researcher_id`, `abbreviation`, `start_working_date`) VALUES (14, 'FaS', '2014-06-02');
INSERT INTO `employee_relation` (`researcher_id`, `abbreviation`, `start_working_date`) VALUES (15, 'GTM', '2017-04-08');
INSERT INTO `employee_relation` (`researcher_id`, `abbreviation`, `start_working_date`) VALUES (16, 'GrEr', '2016-09-14');
INSERT INTO `employee_relation` (`researcher_id`, `abbreviation`, `start_working_date`) VALUES (17, 'GrInc', '2017-08-13');
INSERT INTO `employee_relation` (`researcher_id`, `abbreviation`, `start_working_date`) VALUES (18, 'HTP', '2017-04-12');
INSERT INTO `employee_relation` (`researcher_id`, `abbreviation`, `start_working_date`) VALUES (19, 'HaHe', '2016-06-21');
INSERT INTO `employee_relation` (`researcher_id`, `abbreviation`, `start_working_date`) VALUES (20, 'HeRa', '2016-07-17');
INSERT INTO `employee_relation` (`researcher_id`, `abbreviation`, `start_working_date`) VALUES (21, 'HeLtd', '2015-08-29');
INSERT INTO `employee_relation` (`researcher_id`, `abbreviation`, `start_working_date`) VALUES (22, 'HSJ', '2017-07-16');
INSERT INTO `employee_relation` (`researcher_id`, `abbreviation`, `start_working_date`) VALUES (23, 'JSP', '2016-08-27');
INSERT INTO `employee_relation` (`researcher_id`, `abbreviation`, `start_working_date`) VALUES (24, 'JohnGr', '2015-01-17');
INSERT INTO `employee_relation` (`researcher_id`, `abbreviation`, `start_working_date`) VALUES (25, 'KeInc', '2014-09-06');
INSERT INTO `employee_relation` (`researcher_id`, `abbreviation`, `start_working_date`) VALUES (26, 'KHH', '2015-10-11');
INSERT INTO `employee_relation` (`researcher_id`, `abbreviation`, `start_working_date`) VALUES (27, 'KoBr', '2016-11-15');
INSERT INTO `employee_relation` (`researcher_id`, `abbreviation`, `start_working_date`) VALUES (28, 'KRD', '2017-06-17');
INSERT INTO `employee_relation` (`researcher_id`, `abbreviation`, `start_working_date`) VALUES (29, 'LCK', '2016-04-12');
INSERT INTO `employee_relation` (`researcher_id`, `abbreviation`, `start_working_date`) VALUES (30, 'LeLtd', '2014-05-11');
INSERT INTO `employee_relation` (`researcher_id`, `abbreviation`, `start_working_date`) VALUES (31, 'LMH', '2015-04-10');
INSERT INTO `employee_relation` (`researcher_id`, `abbreviation`, `start_working_date`) VALUES (32, 'LoSw', '2014-08-08');
INSERT INTO `employee_relation` (`researcher_id`, `abbreviation`, `start_working_date`) VALUES (33, 'MaSt', '2015-06-04');
INSERT INTO `employee_relation` (`researcher_id`, `abbreviation`, `start_working_date`) VALUES (34, 'MuWi', '2017-01-03');
INSERT INTO `employee_relation` (`researcher_id`, `abbreviation`, `start_working_date`) VALUES (35, 'MuLtd', '2017-02-25');
INSERT INTO `employee_relation` (`researcher_id`, `abbreviation`, `start_working_date`) VALUES (36, 'CoGl', '2015-03-02');
INSERT INTO `employee_relation` (`researcher_id`, `abbreviation`, `start_working_date`) VALUES (37, 'CoKo', '2016-11-28');
INSERT INTO `employee_relation` (`researcher_id`, `abbreviation`, `start_working_date`) VALUES (38, 'WJ', '2017-06-18');
INSERT INTO `employee_relation` (`researcher_id`, `abbreviation`, `start_working_date`) VALUES (39, 'OFad', '2015-05-02');
INSERT INTO `employee_relation` (`researcher_id`, `abbreviation`, `start_working_date`) VALUES (40, 'PacoG', '2016-01-15');
INSERT INTO `employee_relation` (`researcher_id`, `abbreviation`, `start_working_date`) VALUES (41, 'StM', '2016-01-09');
INSERT INTO `employee_relation` (`researcher_id`, `abbreviation`, `start_working_date`) VALUES (42, 'RuInc', '2017-04-13');
INSERT INTO `employee_relation` (`researcher_id`, `abbreviation`, `start_working_date`) VALUES (43, 'RunBa', '2016-06-08');
INSERT INTO `employee_relation` (`researcher_id`, `abbreviation`, `start_working_date`) VALUES (44, 'RLLC', '2015-09-13');
INSERT INTO `employee_relation` (`researcher_id`, `abbreviation`, `start_working_date`) VALUES (45, 'RyanG', '2017-02-12');
INSERT INTO `employee_relation` (`researcher_id`, `abbreviation`, `start_working_date`) VALUES (46, 'GK', '2017-01-03');
INSERT INTO `employee_relation` (`researcher_id`, `abbreviation`, `start_working_date`) VALUES (47, 'SteKo', '2016-12-03');
INSERT INTO `employee_relation` (`researcher_id`, `abbreviation`, `start_working_date`) VALUES (48, 'LeBa', '2015-11-14');
INSERT INTO `employee_relation` (`researcher_id`, `abbreviation`, `start_working_date`) VALUES (49, 'St.M', '2017-01-30');
INSERT INTO `employee_relation` (`researcher_id`, `abbreviation`, `start_working_date`) VALUES (50, 'MuPu', '2016-10-01');
INSERT INTO `employee_relation` (`researcher_id`, `abbreviation`, `start_working_date`) VALUES (51, 'AaS', '2016-12-27');
INSERT INTO `employee_relation` (`researcher_id`, `abbreviation`, `start_working_date`) VALUES (52, 'AaS', '2017-04-19');
INSERT INTO `employee_relation` (`researcher_id`, `abbreviation`, `start_working_date`) VALUES (53, 'AaS', '2017-08-24');
INSERT INTO `employee_relation` (`researcher_id`, `abbreviation`, `start_working_date`) VALUES (54, 'AaS', '2015-11-20');
INSERT INTO `employee_relation` (`researcher_id`, `abbreviation`, `start_working_date`) VALUES (55, 'RyanG', '2014-04-17');
INSERT INTO `employee_relation` (`researcher_id`, `abbreviation`, `start_working_date`) VALUES (56, 'AaS', '2015-12-16');
INSERT INTO `employee_relation` (`researcher_id`, `abbreviation`, `start_working_date`) VALUES (57, 'RyanG', '2010-11-10');
INSERT INTO `employee_relation` (`researcher_id`, `abbreviation`, `start_working_date`) VALUES (58, 'AaS', '2014-11-02');
INSERT INTO `employee_relation` (`researcher_id`, `abbreviation`, `start_working_date`) VALUES (59, 'AaS', '2017-11-09');
INSERT INTO `employee_relation` (`researcher_id`, `abbreviation`, `start_working_date`) VALUES (60, 'AaS', '2016-10-15');
INSERT INTO `employee_relation` (`researcher_id`, `abbreviation`, `start_working_date`) VALUES (61, 'AaS', '2014-06-02');
INSERT INTO `employee_relation` (`researcher_id`, `abbreviation`, `start_working_date`) VALUES (62, 'RyanG', '2017-04-08');
INSERT INTO `employee_relation` (`researcher_id`, `abbreviation`, `start_working_date`) VALUES (63, 'RyanG', '2016-09-14');
INSERT INTO `employee_relation` (`researcher_id`, `abbreviation`, `start_working_date`) VALUES (64, 'RyanG', '2017-08-13');
INSERT INTO `employee_relation` (`researcher_id`, `abbreviation`, `start_working_date`) VALUES (65, 'RyanG', '2017-04-12');
INSERT INTO `employee_relation` (`researcher_id`, `abbreviation`, `start_working_date`) VALUES (66, 'AaS', '2015-10-11');
INSERT INTO `employee_relation` (`researcher_id`, `abbreviation`, `start_working_date`) VALUES (67, 'AaS', '2016-11-15');
INSERT INTO `employee_relation` (`researcher_id`, `abbreviation`, `start_working_date`) VALUES (68, 'AaS', '2017-06-17');
INSERT INTO `employee_relation` (`researcher_id`, `abbreviation`, `start_working_date`) VALUES (69, 'AaS', '2016-04-12');
INSERT INTO `employee_relation` (`researcher_id`, `abbreviation`, `start_working_date`) VALUES (70, 'AaS', '2014-05-11');
INSERT INTO `employee_relation` (`researcher_id`, `abbreviation`, `start_working_date`) VALUES (71, 'AaS', '2015-04-10');
INSERT INTO `employee_relation` (`researcher_id`, `abbreviation`, `start_working_date`) VALUES (72, 'AaS', '2014-08-08');
INSERT INTO `employee_relation` (`researcher_id`, `abbreviation`, `start_working_date`) VALUES (73, 'AaS', '2015-06-04');
INSERT INTO `employee_relation` (`researcher_id`, `abbreviation`, `start_working_date`) VALUES (74, 'AaS', '2017-01-03');
INSERT INTO `employee_relation` (`researcher_id`, `abbreviation`, `start_working_date`) VALUES (75, 'AaS', '2017-02-25');
INSERT INTO `employee_relation` (`researcher_id`, `abbreviation`, `start_working_date`) VALUES (76, 'AaS', '2015-03-02');
INSERT INTO `employee_relation` (`researcher_id`, `abbreviation`, `start_working_date`) VALUES (77, 'RyanG', '2016-11-28');
INSERT INTO `employee_relation` (`researcher_id`, `abbreviation`, `start_working_date`) VALUES (78, 'RyanG', '2017-06-18');
INSERT INTO `employee_relation` (`researcher_id`, `abbreviation`, `start_working_date`) VALUES (79, 'RyanG', '2015-05-02');
INSERT INTO `employee_relation` (`researcher_id`, `abbreviation`, `start_working_date`) VALUES (80, 'RyanG', '2016-01-15');
INSERT INTO `employee_relation` (`researcher_id`, `abbreviation`, `start_working_date`) VALUES (81, 'RyanG', '2016-01-09');
INSERT INTO `employee_relation` (`researcher_id`, `abbreviation`, `start_working_date`) VALUES (82, 'RyanG', '2017-04-13');
INSERT INTO `employee_relation` (`researcher_id`, `abbreviation`, `start_working_date`) VALUES (83, 'RyanG', '2016-06-08');
INSERT INTO `employee_relation` (`researcher_id`, `abbreviation`, `start_working_date`) VALUES (84, 'RyanG', '2015-09-13');
INSERT INTO `employee_relation` (`researcher_id`, `abbreviation`, `start_working_date`) VALUES (85, 'RyanG', '2017-02-12');
INSERT INTO `employee_relation` (`researcher_id`, `abbreviation`, `start_working_date`) VALUES (86, 'RyanG', '2017-01-03');
INSERT INTO `employee_relation` (`researcher_id`, `abbreviation`, `start_working_date`) VALUES (87, 'RyanG', '2016-12-03');
INSERT INTO `employee_relation` (`researcher_id`, `abbreviation`, `start_working_date`) VALUES (88, 'RyanG', '2015-11-14');
INSERT INTO `employee_relation` (`researcher_id`, `abbreviation`, `start_working_date`) VALUES (89, 'RyanG', '2017-01-30');
INSERT INTO `employee_relation` (`researcher_id`, `abbreviation`, `start_working_date`) VALUES (90, 'RyanG', '2016-10-01');
INSERT INTO `employee_relation` (`researcher_id`, `abbreviation`, `start_working_date`) VALUES (91, 'RyanG', '2016-12-27');
INSERT INTO `employee_relation` (`researcher_id`, `abbreviation`, `start_working_date`) VALUES (92, 'RyanG', '2017-04-19');
INSERT INTO `employee_relation` (`researcher_id`, `abbreviation`, `start_working_date`) VALUES (93, 'RyanG', '2017-08-24');
INSERT INTO `employee_relation` (`researcher_id`, `abbreviation`, `start_working_date`) VALUES (94, 'RyanG', '2015-11-20');
INSERT INTO `employee_relation` (`researcher_id`, `abbreviation`, `start_working_date`) VALUES (95, 'RyanG', '2014-04-17');
INSERT INTO `employee_relation` (`researcher_id`, `abbreviation`, `start_working_date`) VALUES (96, 'RyanG', '2015-12-16');
INSERT INTO `employee_relation` (`researcher_id`, `abbreviation`, `start_working_date`) VALUES (97, 'RyanG', '2010-11-10');
INSERT INTO `employee_relation` (`researcher_id`, `abbreviation`, `start_working_date`) VALUES (98, 'AaS', '2014-11-02');
INSERT INTO `employee_relation` (`researcher_id`, `abbreviation`, `start_working_date`) VALUES (99, 'AaS', '2017-11-09');
INSERT INTO `employee_relation` (`researcher_id`, `abbreviation`, `start_working_date`) VALUES (100, 'AaS', '2016-10-15');



/*
oi ergazomenoi
*/
INSERT INTO `employee_relation` (`researcher_id`, `abbreviation`, `start_working_date`) VALUES (201, 'Aas', '2014-03-29');
INSERT INTO `employee_relation` (`researcher_id`, `abbreviation`, `start_working_date`) VALUES (202, 'ARC', '2016-01-10');
INSERT INTO `employee_relation` (`researcher_id`, `abbreviation`, `start_working_date`) VALUES (203, 'BKM', '2015-05-03');
INSERT INTO `employee_relation` (`researcher_id`, `abbreviation`, `start_working_date`) VALUES (204, 'BG', '2016-12-27');
INSERT INTO `employee_relation` (`researcher_id`, `abbreviation`, `start_working_date`) VALUES (205, 'BHK', '2017-04-19');
INSERT INTO `employee_relation` (`researcher_id`, `abbreviation`, `start_working_date`) VALUES (206, 'CaMo', '2017-08-24');
INSERT INTO `employee_relation` (`researcher_id`, `abbreviation`, `start_working_date`) VALUES (207, 'CaHe', '2015-11-20');
INSERT INTO `employee_relation` (`researcher_id`, `abbreviation`, `start_working_date`) VALUES (208, 'CGr', '2014-04-17');
INSERT INTO `employee_relation` (`researcher_id`, `abbreviation`, `start_working_date`) VALUES (209, 'CrInc', '2015-12-16');
INSERT INTO `employee_relation` (`researcher_id`, `abbreviation`, `start_working_date`) VALUES (210, 'CrDu', '2010-11-10');
INSERT INTO `employee_relation` (`researcher_id`, `abbreviation`, `start_working_date`) VALUES (211, 'DaLtd', '2014-11-02');
INSERT INTO `employee_relation` (`researcher_id`, `abbreviation`, `start_working_date`) VALUES (212, 'EmInc', '2017-11-09');
INSERT INTO `employee_relation` (`researcher_id`, `abbreviation`, `start_working_date`) VALUES (213, 'FCM', '2016-10-15');
INSERT INTO `employee_relation` (`researcher_id`, `abbreviation`, `start_working_date`) VALUES (214, 'FaS', '2014-06-02');
INSERT INTO `employee_relation` (`researcher_id`, `abbreviation`, `start_working_date`) VALUES (215, 'GTM', '2017-04-08');
INSERT INTO `employee_relation` (`researcher_id`, `abbreviation`, `start_working_date`) VALUES (216, 'GrEr', '2016-09-14');
INSERT INTO `employee_relation` (`researcher_id`, `abbreviation`, `start_working_date`) VALUES (217, 'GrInc', '2017-08-13');
INSERT INTO `employee_relation` (`researcher_id`, `abbreviation`, `start_working_date`) VALUES (218, 'HTP', '2017-04-12');
INSERT INTO `employee_relation` (`researcher_id`, `abbreviation`, `start_working_date`) VALUES (219, 'HaHe', '2016-06-21');
INSERT INTO `employee_relation` (`researcher_id`, `abbreviation`, `start_working_date`) VALUES (220, 'HeRa', '2016-07-17');
INSERT INTO `employee_relation` (`researcher_id`, `abbreviation`, `start_working_date`) VALUES (221, 'HeLtd', '2015-08-29');
INSERT INTO `employee_relation` (`researcher_id`, `abbreviation`, `start_working_date`) VALUES (222, 'HSJ', '2017-07-16');
INSERT INTO `employee_relation` (`researcher_id`, `abbreviation`, `start_working_date`) VALUES (223, 'JSP', '2016-08-27');
INSERT INTO `employee_relation` (`researcher_id`, `abbreviation`, `start_working_date`) VALUES (224, 'JohnGr', '2015-01-17');
INSERT INTO `employee_relation` (`researcher_id`, `abbreviation`, `start_working_date`) VALUES (225, 'KeInc', '2014-09-06');
INSERT INTO `employee_relation` (`researcher_id`, `abbreviation`, `start_working_date`) VALUES (226, 'KHH', '2015-10-11');
INSERT INTO `employee_relation` (`researcher_id`, `abbreviation`, `start_working_date`) VALUES (227, 'KoBr', '2016-11-15');
INSERT INTO `employee_relation` (`researcher_id`, `abbreviation`, `start_working_date`) VALUES (228, 'KRD', '2017-06-17');
INSERT INTO `employee_relation` (`researcher_id`, `abbreviation`, `start_working_date`) VALUES (229, 'LCK', '2016-04-12');
INSERT INTO `employee_relation` (`researcher_id`, `abbreviation`, `start_working_date`) VALUES (230, 'LeLtd', '2014-05-11');
INSERT INTO `employee_relation` (`researcher_id`, `abbreviation`, `start_working_date`) VALUES (231, 'LMH', '2015-04-10');
INSERT INTO `employee_relation` (`researcher_id`, `abbreviation`, `start_working_date`) VALUES (232, 'LoSw', '2014-08-08');
INSERT INTO `employee_relation` (`researcher_id`, `abbreviation`, `start_working_date`) VALUES (233, 'MaSt', '2015-06-04');
INSERT INTO `employee_relation` (`researcher_id`, `abbreviation`, `start_working_date`) VALUES (234, 'MuWi', '2017-01-03');
INSERT INTO `employee_relation` (`researcher_id`, `abbreviation`, `start_working_date`) VALUES (235, 'MuLtd', '2017-02-25');
INSERT INTO `employee_relation` (`researcher_id`, `abbreviation`, `start_working_date`) VALUES (236, 'CoGl', '2015-03-02');
INSERT INTO `employee_relation` (`researcher_id`, `abbreviation`, `start_working_date`) VALUES (237, 'CoKo', '2016-11-28');
INSERT INTO `employee_relation` (`researcher_id`, `abbreviation`, `start_working_date`) VALUES (238, 'WJ', '2017-06-18');
INSERT INTO `employee_relation` (`researcher_id`, `abbreviation`, `start_working_date`) VALUES (239, 'OFad', '2015-05-02');
INSERT INTO `employee_relation` (`researcher_id`, `abbreviation`, `start_working_date`) VALUES (240, 'PacoG', '2016-01-15');
INSERT INTO `employee_relation` (`researcher_id`, `abbreviation`, `start_working_date`) VALUES (241, 'StM', '2016-01-09');
INSERT INTO `employee_relation` (`researcher_id`, `abbreviation`, `start_working_date`) VALUES (242, 'RuInc', '2017-04-13');
INSERT INTO `employee_relation` (`researcher_id`, `abbreviation`, `start_working_date`) VALUES (243, 'RunBa', '2016-06-08');
INSERT INTO `employee_relation` (`researcher_id`, `abbreviation`, `start_working_date`) VALUES (244, 'RLLC', '2015-09-13');
INSERT INTO `employee_relation` (`researcher_id`, `abbreviation`, `start_working_date`) VALUES (245, 'RyanG', '2017-02-12');
INSERT INTO `employee_relation` (`researcher_id`, `abbreviation`, `start_working_date`) VALUES (246, 'GK', '2017-01-03');
INSERT INTO `employee_relation` (`researcher_id`, `abbreviation`, `start_working_date`) VALUES (247, 'SteKo', '2016-12-03');
INSERT INTO `employee_relation` (`researcher_id`, `abbreviation`, `start_working_date`) VALUES (248, 'LeBa', '2015-11-14');
INSERT INTO `employee_relation` (`researcher_id`, `abbreviation`, `start_working_date`) VALUES (249, 'St.M', '2017-01-30');
INSERT INTO `employee_relation` (`researcher_id`, `abbreviation`, `start_working_date`) VALUES (250, 'MuPu', '2016-10-01');
INSERT INTO `employee_relation` (`researcher_id`, `abbreviation`, `start_working_date`) VALUES (251, 'AaS', '2016-12-27');
INSERT INTO `employee_relation` (`researcher_id`, `abbreviation`, `start_working_date`) VALUES (252, 'AaS', '2017-04-19');
INSERT INTO `employee_relation` (`researcher_id`, `abbreviation`, `start_working_date`) VALUES (253, 'AaS', '2017-08-24');
INSERT INTO `employee_relation` (`researcher_id`, `abbreviation`, `start_working_date`) VALUES (254, 'AaS', '2015-11-20');
INSERT INTO `employee_relation` (`researcher_id`, `abbreviation`, `start_working_date`) VALUES (255, 'RyanG', '2014-04-17');
INSERT INTO `employee_relation` (`researcher_id`, `abbreviation`, `start_working_date`) VALUES (256, 'AaS', '2015-12-16');
INSERT INTO `employee_relation` (`researcher_id`, `abbreviation`, `start_working_date`) VALUES (257, 'RyanG', '2010-11-10');
INSERT INTO `employee_relation` (`researcher_id`, `abbreviation`, `start_working_date`) VALUES (258, 'AaS', '2014-11-02');
INSERT INTO `employee_relation` (`researcher_id`, `abbreviation`, `start_working_date`) VALUES (259, 'AaS', '2017-11-09');
INSERT INTO `employee_relation` (`researcher_id`, `abbreviation`, `start_working_date`) VALUES (260, 'AaS', '2016-10-15');
INSERT INTO `employee_relation` (`researcher_id`, `abbreviation`, `start_working_date`) VALUES (261, 'AaS', '2014-06-02');
INSERT INTO `employee_relation` (`researcher_id`, `abbreviation`, `start_working_date`) VALUES (262, 'RyanG', '2017-04-08');
INSERT INTO `employee_relation` (`researcher_id`, `abbreviation`, `start_working_date`) VALUES (263, 'RyanG', '2016-09-14');
INSERT INTO `employee_relation` (`researcher_id`, `abbreviation`, `start_working_date`) VALUES (264, 'RyanG', '2017-08-13');
INSERT INTO `employee_relation` (`researcher_id`, `abbreviation`, `start_working_date`) VALUES (265, 'RyanG', '2017-04-12');
INSERT INTO `employee_relation` (`researcher_id`, `abbreviation`, `start_working_date`) VALUES (266, 'AaS', '2015-10-11');
INSERT INTO `employee_relation` (`researcher_id`, `abbreviation`, `start_working_date`) VALUES (267, 'AaS', '2016-11-15');
INSERT INTO `employee_relation` (`researcher_id`, `abbreviation`, `start_working_date`) VALUES (268, 'AaS', '2017-06-17');
INSERT INTO `employee_relation` (`researcher_id`, `abbreviation`, `start_working_date`) VALUES (269, 'AaS', '2016-04-12');
INSERT INTO `employee_relation` (`researcher_id`, `abbreviation`, `start_working_date`) VALUES (270, 'AaS', '2014-05-11');
INSERT INTO `employee_relation` (`researcher_id`, `abbreviation`, `start_working_date`) VALUES (271, 'AaS', '2015-04-10');
INSERT INTO `employee_relation` (`researcher_id`, `abbreviation`, `start_working_date`) VALUES (272, 'AaS', '2014-08-08');
INSERT INTO `employee_relation` (`researcher_id`, `abbreviation`, `start_working_date`) VALUES (273, 'AaS', '2015-06-04');
INSERT INTO `employee_relation` (`researcher_id`, `abbreviation`, `start_working_date`) VALUES (274, 'AaS', '2017-01-03');
INSERT INTO `employee_relation` (`researcher_id`, `abbreviation`, `start_working_date`) VALUES (275, 'AaS', '2017-02-25');
INSERT INTO `employee_relation` (`researcher_id`, `abbreviation`, `start_working_date`) VALUES (276, 'AaS', '2015-03-02');
INSERT INTO `employee_relation` (`researcher_id`, `abbreviation`, `start_working_date`) VALUES (277, 'RyanG', '2016-11-28');
INSERT INTO `employee_relation` (`researcher_id`, `abbreviation`, `start_working_date`) VALUES (278, 'RyanG', '2017-06-18');
INSERT INTO `employee_relation` (`researcher_id`, `abbreviation`, `start_working_date`) VALUES (279, 'RyanG', '2015-05-02');
INSERT INTO `employee_relation` (`researcher_id`, `abbreviation`, `start_working_date`) VALUES (280, 'RyanG', '2016-01-15');
INSERT INTO `employee_relation` (`researcher_id`, `abbreviation`, `start_working_date`) VALUES (281, 'RyanG', '2016-01-09');
INSERT INTO `employee_relation` (`researcher_id`, `abbreviation`, `start_working_date`) VALUES (282, 'RyanG', '2017-04-13');
INSERT INTO `employee_relation` (`researcher_id`, `abbreviation`, `start_working_date`) VALUES (283, 'RyanG', '2016-06-08');
INSERT INTO `employee_relation` (`researcher_id`, `abbreviation`, `start_working_date`) VALUES (284, 'RyanG', '2015-09-13');
INSERT INTO `employee_relation` (`researcher_id`, `abbreviation`, `start_working_date`) VALUES (285, 'RyanG', '2017-02-12');
INSERT INTO `employee_relation` (`researcher_id`, `abbreviation`, `start_working_date`) VALUES (286, 'RyanG', '2017-01-03');
INSERT INTO `employee_relation` (`researcher_id`, `abbreviation`, `start_working_date`) VALUES (287, 'RyanG', '2016-12-03');
INSERT INTO `employee_relation` (`researcher_id`, `abbreviation`, `start_working_date`) VALUES (288, 'RyanG', '2015-11-14');
INSERT INTO `employee_relation` (`researcher_id`, `abbreviation`, `start_working_date`) VALUES (289, 'RyanG', '2017-01-30');
INSERT INTO `employee_relation` (`researcher_id`, `abbreviation`, `start_working_date`) VALUES (290, 'RyanG', '2016-10-01');
INSERT INTO `employee_relation` (`researcher_id`, `abbreviation`, `start_working_date`) VALUES (291, 'RyanG', '2016-12-27');
INSERT INTO `employee_relation` (`researcher_id`, `abbreviation`, `start_working_date`) VALUES (292, 'RyanG', '2017-04-19');
INSERT INTO `employee_relation` (`researcher_id`, `abbreviation`, `start_working_date`) VALUES (293, 'RyanG', '2017-08-24');
INSERT INTO `employee_relation` (`researcher_id`, `abbreviation`, `start_working_date`) VALUES (294, 'RyanG', '2015-11-20');
INSERT INTO `employee_relation` (`researcher_id`, `abbreviation`, `start_working_date`) VALUES (295, 'RyanG', '2014-04-17');
INSERT INTO `employee_relation` (`researcher_id`, `abbreviation`, `start_working_date`) VALUES (296, 'RyanG', '2015-12-16');
INSERT INTO `employee_relation` (`researcher_id`, `abbreviation`, `start_working_date`) VALUES (297, 'RyanG', '2010-11-10');
INSERT INTO `employee_relation` (`researcher_id`, `abbreviation`, `start_working_date`) VALUES (298, 'AaS', '2014-11-02');
INSERT INTO `employee_relation` (`researcher_id`, `abbreviation`, `start_working_date`) VALUES (299, 'AaS', '2017-11-09');
INSERT INTO `employee_relation` (`researcher_id`, `abbreviation`, `start_working_date`) VALUES (300, 'AaS', '2016-10-15');

INSERT INTO `project` (`project_id`, `title`, `summary`, `funding`, `start_date`, `end_date`, `abbreviation`, `executive_id`, `program_id`, `scientific_inspector_id`)
VALUES (1, 'Modernization of the hellenic gravity network', 'Oh, my dear Dinah! I wonder who will put on one knee as he spoke. \'UNimportant, of course, I meant,\' the King and the three were all crowded together at one and then I\'ll tell you my history, and.', '123456.00', '2021-10-17', '2023-11-19', 'AaS', 1, 1, 1);
INSERT INTO `project` (`project_id`, `title`, `summary`, `funding`, `start_date`, `end_date`, `abbreviation`, `executive_id`, `program_id`, `scientific_inspector_id`)
VALUES (2, 'Modeling water loss in water network', 'Alice hastily replied; \'only one doesn\'t like changing so often, of course had to leave off being arches to do so. \'Shall we try another figure of the accident, all except the King, going up to the.', '342674.99', '2019-05-20', '2020-09-08', 'ARC', 2, 2, 2);
INSERT INTO `project` (`project_id`, `title`, `summary`, `funding`, `start_date`, `end_date`, `abbreviation`, `executive_id`, `program_id`, `scientific_inspector_id`)
VALUES (3, 'Sign language recognition in education', 'Cat\'s head with great curiosity, and this was of very little use, as it spoke (it was Bill, I fancy--Who\'s to go after that into a sort of chance of getting up and down looking for it, while the.', '673465', '2021-06-18', '2022-07-23', 'BKM', 3, 3, 3);
INSERT INTO `project` (`project_id`, `title`, `summary`, `funding`, `start_date`, `end_date`, `abbreviation`, `executive_id`, `program_id`, `scientific_inspector_id`)
VALUES (4, 'Machine Learning in 2022', 'Alice in a tone of this sort of chance of getting her hands up to the law, And argued each case with my wife; And the Eaglet bent down its head impatiently, and walked a little door was shut again,.', '213546', '2018-04-12', '2019-08-30', 'BG', 4, 4, 4);
INSERT INTO `project` (`project_id`, `title`, `summary`, `funding`, `start_date`, `end_date`, `abbreviation`, `executive_id`, `program_id`, `scientific_inspector_id`)
VALUES (5, 'Exploring new processes for use of CO2', 'In a minute or two, she made her feel very sleepy and stupid), whether the pleasure of making a daisy-chain would be quite as much as she could see, as they came nearer, Alice could see it trot away.', '896423', '2018-04-28', '2022-03-24', 'BHK', 5, 5, 5);
INSERT INTO `project` (`project_id`, `title`, `summary`, `funding`, `start_date`, `end_date`, `abbreviation`, `executive_id`, `program_id`, `scientific_inspector_id`)
VALUES (6, 'Reducing obesity in young children', 'I hadn\'t drunk quite so much!\' Alas! it was neither more nor less than no time to avoid shrinking away altogether. \'That WAS a narrow escape!\' said Alice, \'and those twelve creatures,\' (she was so.', '435524', '2019-03-28', '2020-11-20', 'CaMo', 6, 6, 6);
INSERT INTO `project` (`project_id`, `title`, `summary`, `funding`, `start_date`, `end_date`, `abbreviation`, `executive_id`, `program_id`, `scientific_inspector_id`)
VALUES (7, 'Advanced photocatalytic photon nanostructures', 'Cat, and vanished. Alice was more hopeless than ever: she sat on, with closed eyes, and feebly stretching out one paw, trying to box her own ears for having cheated herself in a hurry. \'No, I\'ll.', '985433', '2021-03-24', '2022-04-17', 'CaHe', 7, 7, 7);
INSERT INTO `project` (`project_id`, `title`, `summary`, `funding`, `start_date`, `end_date`, `abbreviation`, `executive_id`, `program_id`, `scientific_inspector_id`)
VALUES (8, 'Review of Resource Allocation in interdependent wireless networks', 'Cat went on, \'you throw the--\' \'The lobsters!\' shouted the Queen, and Alice, were in custody and under sentence of execution. Then the Queen jumped up and to wonder what they\'ll do next! If they had.', '150000', '2018-06-05', '2019-07-20', 'CGr', 8, 8, 8);
INSERT INTO `project` (`project_id`, `title`, `summary`, `funding`, `start_date`, `end_date`, `abbreviation`, `executive_id`, `program_id`, `scientific_inspector_id`)
VALUES (9, 'Innovative cognitive learning for cyberphysical systems', 'Caterpillar. \'I\'m afraid I\'ve offended it again!\' For the Mouse replied rather crossly: \'of course you know what \"it\" means well enough, when I sleep\" is the same thing,\' said the Queen, turning.', '250000', '2021-03-07', '2022-04-16', 'CrInc', 9, 9, 9);
INSERT INTO `project` (`project_id`, `title`, `summary`, `funding`, `start_date`, `end_date`, `abbreviation`, `executive_id`, `program_id`, `scientific_inspector_id`)
VALUES (10, 'Development of a natural threat management system in the urban water cycle', 'I don\'t understand. Where did they live on?\' said the King added in a great thistle, to keep herself from being run over; and the executioner ran wildly up and down looking for them, and the little.', '500000', '2018-01-20', '2019-09-26', 'CrDu', 10, 10, 10);
INSERT INTO `project` (`project_id`, `title`, `summary`, `funding`, `start_date`, `end_date`, `abbreviation`, `executive_id`, `program_id`, `scientific_inspector_id`)
VALUES (11, 'Low Cost Photodetectors based on Carbon Nanotubes', 'CURTSEYING as you\'re falling through the neighbouring pool--she could hear the words:-- \'I speak severely to my right size again; and the March Hare,) \'--it was at the stick, and tumbled head over.', '140000', '2020-12-15', '2022-05-26', 'DaLtd', 11, 11, 11);
INSERT INTO `project` (`project_id`, `title`, `summary`, `funding`, `start_date`, `end_date`, `abbreviation`, `executive_id`, `program_id`, `scientific_inspector_id`)
VALUES (12, 'Integrating Theoretical with Experimental and Applied Linguistics', 'I should think it so yet,\' said Alice; \'I might as well as she could, and waited to see the Queen. \'You make me larger, it must be off, and Alice looked all round her head. \'If I eat one of the.', '420000', '2018-03-13', '2020-02-05', 'EmInc', 12, 12, 12);
INSERT INTO `project` (`project_id`, `title`, `summary`, `funding`, `start_date`, `end_date`, `abbreviation`, `executive_id`, `program_id`, `scientific_inspector_id`)
VALUES (13, 'Structural and Functional Studies of Nicotine Acetylcholine Receptors', 'This seemed to be ashamed of yourself,\' said Alice, \'it\'s very easy to know what they\'re about!\' \'Read them,\' said the Mock Turtle in a low, weak voice. \'Now, I give you fair warning,\' shouted the.', '690000', '2018-12-10', '2021-01-21', 'FCM', 13, 13, 13);
INSERT INTO `project` (`project_id`, `title`, `summary`, `funding`, `start_date`, `end_date`, `abbreviation`, `executive_id`, `program_id`, `scientific_inspector_id`)
VALUES (14, 'Can massive winds from black holes affect galaxies?', 'I mentioned before, And have grown most uncommonly fat; Yet you finished the guinea-pigs!\' thought Alice. \'I\'ve tried every way, and nothing seems to suit them!\' \'I haven\'t the slightest idea,\' said.', '720000', '2018-09-09', '2020-02-27', 'FaS', 14, 14, 14);
INSERT INTO `project` (`project_id`, `title`, `summary`, `funding`, `start_date`, `end_date`, `abbreviation`, `executive_id`, `program_id`, `scientific_inspector_id`)
VALUES (15, 'Regulation of mitochondrial function in stomach cancer', 'EVEN finish, if he doesn\'t begin.\' But she went on, \'I must be a Caucus-race.\' \'What IS the same as they came nearer, Alice could bear: she got used to come upon them THIS size: why, I should.', '170000', '2018-02-04', '2019-11-01', 'GTM', 15, 15, 15);
INSERT INTO `project` (`project_id`, `title`, `summary`, `funding`, `start_date`, `end_date`, `abbreviation`, `executive_id`, `program_id`, `scientific_inspector_id`)
VALUES (16, 'Improved nanoparticle oil extraction', 'She hastily put down her flamingo, and began to get her head to hide a smile: some of the tale was something like this:-- \'Fury said to herself as she spoke. (The unfortunate little Bill had left.', '180000', '2019-07-12', '2020-11-17', 'GrEr', 16, 16, 16);
INSERT INTO `project` (`project_id`, `title`, `summary`, `funding`, `start_date`, `end_date`, `abbreviation`, `executive_id`, `program_id`, `scientific_inspector_id`)
VALUES (17, 'Agroforestry in Thessaly', 'Mouse, who seemed ready to play with, and oh! ever so many different sizes in a helpless sort of knot, and then dipped suddenly down, so suddenly that Alice said; but was dreadfully puzzled by the.', '360000', '2018-06-18', '2021-01-13', 'GrInc', 17, 17, 17);
INSERT INTO `project` (`project_id`, `title`, `summary`, `funding`, `start_date`, `end_date`, `abbreviation`, `executive_id`, `program_id`, `scientific_inspector_id`)
VALUES (18, 'Efficient network analysis algorithms', 'M--\' \'Why with an air of great dismay, and began smoking again. This time there were TWO little shrieks, and more puzzled, but she gained courage as she fell very slowly, for she was coming to, but.', '546000', '2018-07-05', '2020-05-13', 'HTP', 18, 18, 18);
INSERT INTO `project` (`project_id`, `title`, `summary`, `funding`, `start_date`, `end_date`, `abbreviation`, `executive_id`, `program_id`, `scientific_inspector_id`)
VALUES (19, 'Geometric Functional Analysis and Applications', 'Queen put on one knee. \'I\'m a poor man, your Majesty,\' said the Hatter. \'He won\'t stand beating. Now, if you like!\' the Duchess said after a minute or two she stood watching them, and was just.', '452678', '2021-01-18', '2022-03-29', 'HaHe', 19, 19, 19);
INSERT INTO `project` (`project_id`, `title`, `summary`, `funding`, `start_date`, `end_date`, `abbreviation`, `executive_id`, `program_id`, `scientific_inspector_id`)
VALUES (20, 'Data Science for All', 'But, now that I\'m doubtful about the right word) \'--but I shall remember it in time,\' said the Dormouse: \'not in that ridiculous fashion.\' And he got up this morning, but I THINK I can go back by.', '647855', '2019-01-07', '2020`-01-17', 'HeRa', 20, 20, 20);
INSERT INTO `project` (`project_id`, `title`, `summary`, `funding`, `start_date`, `end_date`, `abbreviation`, `executive_id`, `program_id`, `scientific_inspector_id`)
VALUES (21, 'Beyond Worst Case Analysis in Approach Algorithms', 'I can go back by railway,\' she said to one of the conversation. Alice felt a violent shake at the cook till his eyes were nearly out of sight; and an Eaglet, and several other curious creatures..', '300806.91', '2021-01-04', '2022-02-14', 'HeLtd', 21, 21, 21);
INSERT INTO `project` (`project_id`, `title`, `summary`, `funding`, `start_date`, `end_date`, `abbreviation`, `executive_id`, `program_id`, `scientific_inspector_id`)
VALUES (22, 'Optimization of drug development with modeling', 'Just then she remembered that she never knew whether it was out of a feather flock together.\"\' \'Only mustard isn\'t a bird,\' Alice remarked. \'Oh, you can\'t take LESS,\' said the Dodo, \'the best way.', '390302.55', '2018-04-10', '2020-10-23', 'HSJ', 22, 22, 22);
INSERT INTO `project` (`project_id`, `title`, `summary`, `funding`, `start_date`, `end_date`, `abbreviation`, `executive_id`, `program_id`, `scientific_inspector_id`)
VALUES (23, 'Enzybiotics', 'March Hare: she thought it over afterwards, it occurred to her daughter \'Ah, my dear! Let this be a LITTLE larger, sir, if you want to see if she did not like to see it quite plainly through the.', '546789', '2019-06-17', '2020-12-07', 'JSP', 23, 23, 23);
INSERT INTO `project` (`project_id`, `title`, `summary`, `funding`, `start_date`, `end_date`, `abbreviation`, `executive_id`, `program_id`, `scientific_inspector_id`)
VALUES (24, 'The Pharmacogenetics of Familiarity', 'The Footman seemed to Alice with one of them.\' In another minute there was generally a ridge or furrow in the distance, sitting sad and lonely on a branch of a good deal frightened by this very.', '900000', '2018-10-27', '22-01-13', 'JohnGr', 24, 24, 24);
INSERT INTO `project` (`project_id`, `title`, `summary`, `funding`, `start_date`, `end_date`, `abbreviation`, `executive_id`, `program_id`, `scientific_inspector_id`)
VALUES (25, 'Lon protease in aging and cancer', 'Alice called after her. \'I\'ve something important to say!\' This sounded promising, certainly: Alice turned and came back again. \'Keep your temper,\' said the Dodo, \'the best way to change them--\'.', '140254.36', '2019-08-06', '2022-05-09', 'KeInc', 25, 25, 25);
INSERT INTO `project` (`project_id`, `title`, `summary`, `funding`, `start_date`, `end_date`, `abbreviation`, `executive_id`, `program_id`, `scientific_inspector_id`)
VALUES (26, 'Archaeological and geophysical research in the coast of Samothrace', 'I\'ve been changed for Mabel! I\'ll try and repeat something now. Tell her to begin.\' He looked at them with the glass table and the party went back to the jury. They were indeed a queer-looking party.', '550000', '2019-03-26', '2021-09-10', 'KHH', 26, 26, 26);
INSERT INTO `project` (`project_id`, `title`, `summary`, `funding`, `start_date`, `end_date`, `abbreviation`, `executive_id`, `program_id`, `scientific_inspector_id`)
VALUES (27, 'Linguistic  strategies for intervention in language disorders', 'King replied. Here the Queen put on one side, to look about her repeating \'YOU ARE OLD, FATHER WILLIAM,\' to the part about her other little children, and make out who was sitting next to no toys to.', '432000', '2020-08-01', '2022-03-22', 'KoBr', 27, 27, 27);
INSERT INTO `project` (`project_id`, `title`, `summary`, `funding`, `start_date`, `end_date`, `abbreviation`, `executive_id`, `program_id`, `scientific_inspector_id`)
VALUES (28, 'Genetic research & digital visualization in the performing arts', 'Off--\' \'Nonsense!\' said Alice, \'a great girl like you,\' (she might well say that \"I see what was the fan and gloves. \'How queer it seems,\' Alice said to herself how this same little sister of hers.', '990000', '2020-08-20', '2022-05-19', 'KRD', 28, 28, 28);
INSERT INTO `project` (`project_id`, `title`, `summary`, `funding`, `start_date`, `end_date`, `abbreviation`, `executive_id`, `program_id`, `scientific_inspector_id`)
VALUES (29, 'Mapping patterns, impacts and threats to functional diversity', 'Gryphon went on, \'you throw the--\' \'The lobsters!\' shouted the Queen. \'Sentence first--verdict afterwards.\' \'Stuff and nonsense!\' said Alice desperately: \'he\'s perfectly idiotic!\' And she tried to.', '800000', '2018-09-29', '2019-12-09', 'LCK', 29, 29, 29);
INSERT INTO `project` (`project_id`, `title`, `summary`, `funding`, `start_date`, `end_date`, `abbreviation`, `executive_id`, `program_id`, `scientific_inspector_id`)
VALUES (30, 'Design of artificial wetlands for the treatment of gray water in urban areas of the Mediterranean', 'Alice did not like to drop the jar for fear of their hearing her; and the King had said that day. \'That PROVES his guilt,\' said the Caterpillar took the hookah into its mouth and began an account of.', '700000', '2019-11-13', '2022-05-02', 'LeLtd', 30, 30, 30);
INSERT INTO `project` (`project_id`, `title`, `summary`, `funding`, `start_date`, `end_date`, `abbreviation`, `executive_id`, `program_id`, `scientific_inspector_id`)
VALUES (31, 'Human Resources Management in Small and Medium Enterprises', 'Queen. An invitation from the trees had a head could be beheaded, and that he shook his grey locks, \'I kept all my life!\' Just as she picked up a little now and then; such as, \'Sure, I don\'t think,\'.', '530299.97', '2020-08-31', '2023-10-26', 'LMH', 31, 1, 31);
INSERT INTO `project` (`project_id`, `title`, `summary`, `funding`, `start_date`, `end_date`, `abbreviation`, `executive_id`, `program_id`, `scientific_inspector_id`)
VALUES (32, 'Exploring the quality characteristics of profits', 'Duchess\'s knee, while plates and dishes crashed around it--once more the pig-baby was sneezing on the bank--the birds with draggled feathers, the animals with their heads down and looked at Alice..', '643777.99', '2021-08-09', '2023-06-07', 'LoSw', 32, 2, 32);
INSERT INTO `project` (`project_id`, `title`, `summary`, `funding`, `start_date`, `end_date`, `abbreviation`, `executive_id`, `program_id`, `scientific_inspector_id`)
VALUES (33, 'Configuring the environment and nutrition', 'Hatter went on, \'What HAVE you been doing here?\' \'May it please your Majesty!\' the soldiers did. After these came the royal children; there were three little sisters--they were learning to draw, you.', '345000', '2019-12-30', '2022-11-20', 'MaSt', 33,3, 33);
INSERT INTO `project` (`project_id`, `title`, `summary`, `funding`, `start_date`, `end_date`, `abbreviation`, `executive_id`, `program_id`, `scientific_inspector_id`)
VALUES (34, 'Alt-Right Social Networks: Investigating Political & Cultural Activism', 'Footman remarked, \'till tomorrow--\' At this moment the door of which was lit up by two guinea-pigs, who were all crowded together at one corner of it: for she was quite pale (with passion, Alice.', '431000', '2022-01-18', '2024-12-25', 'MuWi', 34, 4, 34);
INSERT INTO `project` (`project_id`, `title`, `summary`, `funding`, `start_date`, `end_date`, `abbreviation`, `executive_id`, `program_id`, `scientific_inspector_id`)
VALUES (35, 'Populist Constitutionalism', 'As they walked off together. Alice was not quite sure whether it was indeed: she was dozing off, and she grew no larger: still it was looking at them with one finger, as he said in a tone of the.', '100000', '2021-09-12', '2023-08-19', 'MuLtd', 35, 5, 35);
INSERT INTO `project` (`project_id`, `title`, `summary`, `funding`, `start_date`, `end_date`, `abbreviation`, `executive_id`, `program_id`, `scientific_inspector_id`)
VALUES (36, 'Biological Metaphysics: Understanding Development Mechanisms', 'Queen put on his spectacles and looked along the passage into the garden with one finger pressed upon its nose. The Dormouse again took a great deal to ME,\' said Alice very meekly: \'I\'m growing.\'.', '160000', '2022-04-21', '2024-08-26', 'CoGl', 36, 6, 36);
INSERT INTO `project` (`project_id`, `title`, `summary`, `funding`, `start_date`, `end_date`, `abbreviation`, `executive_id`, `program_id`, `scientific_inspector_id`)
VALUES (37, 'Transitions, Immigration and Politics: Understanding Youth in Crisis', 'The jury all brightened up again.) \'Please your Majesty,\' he began, \'for bringing these in: but I shall have somebody to talk nonsense. The Queen\'s Croquet-Ground A large rose-tree stood near the.', '820000', '2021-04-19', '2023-07-24', 'CoKo', 37, 7, 37);
INSERT INTO `project` (`project_id`, `title`, `summary`, `funding`, `start_date`, `end_date`, `abbreviation`, `executive_id`, `program_id`, `scientific_inspector_id`)
VALUES (38, 'Species on the brink of extinction', 'Alice could not think of nothing better to say a word, but slowly followed her back to the seaside once in the sea, though you mayn\'t believe it--\' \'I never thought about it,\' added the Queen..', '653777', '2019-01-06', '2022-11-22', 'WJ', 38, 8, 38);
INSERT INTO `project` (`project_id`, `title`, `summary`, `funding`, `start_date`, `end_date`, `abbreviation`, `executive_id`, `program_id`, `scientific_inspector_id`)
VALUES (39, 'Consumerism in a time of economic crisis', 'Queen, pointing to the baby, and not to her, And mentioned me to sell you a couple?\' \'You are old,\' said the Lory, as soon as there was no one else seemed inclined to say it over) \'--yes, that\'s.', '450000', '2022-02-17', '2024-01-02', 'OFad', 39, 9, 39);
INSERT INTO `project` (`project_id`, `title`, `summary`, `funding`, `start_date`, `end_date`, `abbreviation`, `executive_id`, `program_id`, `scientific_inspector_id`)
VALUES (40, 'Processors based on Optical Artificial Neurons', 'Alice to herself. \'I dare say there may be ONE.\' \'One, indeed!\' said the Rabbit say to itself, half to Alice. \'What IS the fun?\' said Alice. \'Oh, don\'t bother ME,\' said the Mock Turtle went on.', '200187.25', '2019-05-28', '2022-11-02', 'PacoG', 40, 10, 40);
INSERT INTO `project` (`project_id`, `title`, `summary`, `funding`, `start_date`, `end_date`, `abbreviation`, `executive_id`, `program_id`, `scientific_inspector_id`)
VALUES (41, 'Assigning Meaning to the Actions of Other Subjects: Neural Correlates', 'Gryphon, before Alice could see, as well say,\' added the Gryphon; and then they both bowed low, and their curls got entangled together. Alice laughed so much into the court, \'Bring me the truth: did.', '861465.86', '2021-03-16', '2023-07-18', 'StM', 41, 11, 41);
INSERT INTO `project` (`project_id`, `title`, `summary`, `funding`, `start_date`, `end_date`, `abbreviation`, `executive_id`, `program_id`, `scientific_inspector_id`)
VALUES (42, 'Modeling of Electromagnetic Emissions of Space Equipment', 'Bill\'s got to grow to my jaw, Has lasted the rest of it in a game of croquet she was dozing off, and found quite a long argument with the Lory, with a growl, And concluded the banquet--] \'What IS a.', '560000.99', '2020-12-19', '2023-10-06', 'RuInc', 42, 12, 42);
INSERT INTO `project` (`project_id`, `title`, `summary`, `funding`, `start_date`, `end_date`, `abbreviation`, `executive_id`, `program_id`, `scientific_inspector_id`)
VALUES (43, 'Sociology of Foreign Direct Investment in Greece', 'Let me see--how IS it to annoy, Because he knows it teases.\' CHORUS. (In which the words \'DRINK ME,\' but nevertheless she uncorked it and put it in asking riddles that have no answers.\' \'If you.', '533356.99', '2019-12-20', '2022-09-30', 'RunBa', 43, 13, 43);
INSERT INTO `project` (`project_id`, `title`, `summary`, `funding`, `start_date`, `end_date`, `abbreviation`, `executive_id`, `program_id`, `scientific_inspector_id`)
VALUES (44, 'Quantum Integrated Photon Circuits', 'Alice: \'allow me to introduce it.\' \'I don\'t even know what they\'re like.\' \'I believe so,\' Alice replied very readily: \'but that\'s because it stays the same as the doubled-up soldiers were silent,.', '463049.92', '2022-02-08', '2023-11-15', 'RLLC', 44, 14, 44);
INSERT INTO `project` (`project_id`, `title`, `summary`, `funding`, `start_date`, `end_date`, `abbreviation`, `executive_id`, `program_id`, `scientific_inspector_id`)
VALUES (45, 'Inclined Cosmology', 'Said his father; \'don\'t give yourself airs! Do you think I may as well say this), \'to go on with the other side will make you grow taller, and the happy summer days. THE.', '560000', '2021-08-01', '2023-06-12', 'RyanG', 45, 15, 45);
INSERT INTO `project` (`project_id`, `title`, `summary`, `funding`, `start_date`, `end_date`, `abbreviation`, `executive_id`, `program_id`, `scientific_inspector_id`)
VALUES (46, 'Responsible by Design Entity Resolution', 'Beautiful, beauti--FUL SOUP!\' \'Chorus again!\' cried the Gryphon. Alice did not look at it!\' This speech caused a remarkable sensation among the branches, and every now and then sat upon it.) \'I\'m.', '150000', '2020-11-19', '2024-02-02', 'GK', 46, 16, 46);
INSERT INTO `project` (`project_id`, `title`, `summary`, `funding`, `start_date`, `end_date`, `abbreviation`, `executive_id`, `program_id`, `scientific_inspector_id`)
VALUES (47, 'Lifting Algorithms for Evolutionary Dynamics in Networks (LIFT)', 'And she thought at first she thought it over here,\' said the March Hare interrupted, yawning. \'I\'m getting tired of this. I vote the young lady to see if he wasn\'t one?\' Alice asked. \'We called him.', '700772.84', '2022-01-14', '2024-01-23', 'SteKo', 47, 17, 47);
INSERT INTO `project` (`project_id`, `title`, `summary`, `funding`, `start_date`, `end_date`, `abbreviation`, `executive_id`, `program_id`, `scientific_inspector_id`)
VALUES (48, 'Censorship in Cinema and Visual Arts', 'Gryphon, the squeaking of the tea--\' \'The twinkling of the other players, and shouting \'Off with his head!\' or \'Off with his head!\"\' \'How dreadfully savage!\' exclaimed Alice. \'And where HAVE my.', '420118.67', '2019-03-04', '2022-12-24', 'LeBa', 48, 18, 48);
INSERT INTO `project` (`project_id`, `title`, `summary`, `funding`, `start_date`, `end_date`, `abbreviation`, `executive_id`, `program_id`, `scientific_inspector_id`)
VALUES (49, 'Corruption and state-corporate crime', 'Alice remarked. \'Right, as usual,\' said the Caterpillar; and it sat for a long time together.\' \'Which is just the case with my wife; And the moral of that dark hall, and wander about among those.', '420893.38', '2021-08-03', '2023-05-23', 'St.M', 49, 19, 49);
INSERT INTO `project` (`project_id`, `title`, `summary`, `funding`, `start_date`, `end_date`, `abbreviation`, `executive_id`, `program_id`, `scientific_inspector_id`)
VALUES (50, 'Interactions of Veterinary antibiotics with soil microorganisms', 'Who for such dainties would not open any of them. However, on the floor, and a scroll of parchment in the air. She did not like to try the experiment?\' \'HE might bite,\' Alice cautiously replied:.', '100056.52', '2022-03-27', '2024-08-22', 'MuPu', 50, 20, 50);
INSERT INTO `project` (`project_id`, `title`, `summary`, `funding`, `start_date`, `end_date`, `abbreviation`, `executive_id`, `program_id`, `scientific_inspector_id`)
VALUES (51, 'The Perils of Prediction in the Physical Science', 'Gryphon, before Alice could see, as well say,\' added the Gryphon; and then they both bowed low, and their curls got entangled together. Alice laughed so much into the court, \'Bring me the truth: did.', '866465.86', '2021-03-16', '2023-07-18', 'AaS', 1, 21, 51);
INSERT INTO `project` (`project_id`, `title`, `summary`, `funding`, `start_date`, `end_date`, `abbreviation`, `executive_id`, `program_id`, `scientific_inspector_id`)
VALUES (52, 'Aegean Islands: Palaeoenvironment and Early Human Settlement', 'Bill\'s got to grow to my jaw, Has lasted the rest of it in a game of croquet she was dozing off, and found quite a long argument with the Lory, with a growl, And concluded the banquet--] \'What IS a.', '100999.99', '2021-12-19', '2023-10-06', 'AaS', 2, 22, 52);
INSERT INTO `project` (`project_id`, `title`, `summary`, `funding`, `start_date`, `end_date`, `abbreviation`, `executive_id`, `program_id`, `scientific_inspector_id`)
VALUES (53, 'Assistance for students in Singing and Music Aesthetics', 'Let me see--how IS it to annoy, Because he knows it teases.\' CHORUS. (In which the words \'DRINK ME,\' but nevertheless she uncorked it and put it in asking riddles that have no answers.\' \'If you.', '208999.99', '2021-10-20', '2023-09-30', 'AaS', 3, 23, 53);
INSERT INTO `project` (`project_id`, `title`, `summary`, `funding`, `start_date`, `end_date`, `abbreviation`, `executive_id`, `program_id`, `scientific_inspector_id`)
VALUES (54, 'Sourcebook of Byzantine Philosophy (SBPh)', 'Alice: \'allow me to introduce it.\' \'I don\'t even know what they\'re like.\' \'I believe so,\' Alice replied very readily: \'but that\'s because it stays the same as the doubled-up soldiers were silent,.', '465349.92', '2021-12-08', '2023-11-15', 'AaS', 4, 24, 54);
INSERT INTO `project` (`project_id`, `title`, `summary`, `funding`, `start_date`, `end_date`, `abbreviation`, `executive_id`, `program_id`, `scientific_inspector_id`)
VALUES (55, 'Batteryless, Ambiently-Powered Internet of Things', 'Said his father; \'don\'t give yourself airs! Do you think I may as well say this), \'to go on with the other side will make you grow taller, and the happy summer days. THE.', '302999.99', '2021-08-01', '2023-06-12', 'RyanG', 5, 25, 55);
INSERT INTO `project` (`project_id`, `title`, `summary`, `funding`, `start_date`, `end_date`, `abbreviation`, `executive_id`, `program_id`, `scientific_inspector_id`)
VALUES (56, 'Development of tissue-engineered vascularized bone grafts', 'Beautiful, beauti--FUL SOUP!\' \'Chorus again!\' cried the Gryphon. Alice did not look at it!\' This speech caused a remarkable sensation among the branches, and every now and then sat upon it.) \'I\'m.', '230999.99', '2021-11-19', '2025-11-02', 'AaS', 6, 26, 56);
INSERT INTO `project` (`project_id`, `title`, `summary`, `funding`, `start_date`, `end_date`, `abbreviation`, `executive_id`, `program_id`, `scientific_inspector_id`)
VALUES (57, 'Innovative Catalyst Design via 3D Printing', 'And she thought at first she thought it over here,\' said the March Hare interrupted, yawning. \'I\'m getting tired of this. I vote the young lady to see if he wasn\'t one?\' Alice asked. \'We called him.', '700772.84', '2021-11-14', '2023-01-23', 'RyanG', 7, 27, 57);
INSERT INTO `project` (`project_id`, `title`, `summary`, `funding`, `start_date`, `end_date`, `abbreviation`, `executive_id`, `program_id`, `scientific_inspector_id`)
VALUES (58, 'Electrochemical Analysis for the action of Lytic Polysaccharide Monooxygenases', 'Gryphon, the squeaking of the tea--\' \'The twinkling of the other players, and shouting \'Off with his head!\' or \'Off with his head!\"\' \'How dreadfully savage!\' exclaimed Alice. \'And where HAVE my.', '420118.67', '2021-03-04', '2023-10-24', 'AaS', 8, 28, 58);
INSERT INTO `project` (`project_id`, `title`, `summary`, `funding`, `start_date`, `end_date`, `abbreviation`, `executive_id`, `program_id`, `scientific_inspector_id`)
VALUES (59, 'Advanced photocatalytic Slow Photon nanostructures', 'Alice remarked. \'Right, as usual,\' said the Caterpillar; and it sat for a long time together.\' \'Which is just the case with my wife; And the moral of that dark hall, and wander about among those.', '420893.38', '2021-08-03', '2023-05-23', 'AaS', 9, 29, 59);
INSERT INTO `project` (`project_id`, `title`, `summary`, `funding`, `start_date`, `end_date`, `abbreviation`, `executive_id`, `program_id`, `scientific_inspector_id`)
VALUES (60, 'Scaling stochastic dynamics', 'Who for such dainties would not open any of them. However, on the floor, and a scroll of parchment in the air. She did not like to try the experiment?\' \'HE might bite,\' Alice cautiously replied:.', '100056.52', '2021-08-27', '2023-08-22', 'AaS', 10, 30, 60);
INSERT INTO `project` (`project_id`, `title`, `summary`, `funding`, `start_date`, `end_date`, `abbreviation`, `executive_id`, `program_id`, `scientific_inspector_id`)
VALUES (61, 'Finiteness Conditions in Homological Algebra', 'Gryphon, before Alice could see, as well say,\' added the Gryphon; and then they both bowed low, and their curls got entangled together. Alice laughed so much into the court, \'Bring me the truth: did.', '864965.86', '2021-03-16', '2023-07-18', 'AaS', 11, 1, 61);
INSERT INTO `project` (`project_id`, `title`, `summary`, `funding`, `start_date`, `end_date`, `abbreviation`, `executive_id`, `program_id`, `scientific_inspector_id`)
VALUES (62, 'Dataflow optimization revisited', 'Bill\'s got to grow to my jaw, Has lasted the rest of it in a game of croquet she was dozing off, and found quite a long argument with the Lory, with a growl, And concluded the banquet--] \'What IS a.', '156999.00', '2021-12-19', '2023-01-05', 'RyanG', 12, 2, 62);
INSERT INTO `project` (`project_id`, `title`, `summary`, `funding`, `start_date`, `end_date`, `abbreviation`, `executive_id`, `program_id`, `scientific_inspector_id`)
VALUES (63, 'A Toolkit for the Analysis and Synthesis of Soundscapes', 'Let me see--how IS it to annoy, Because he knows it teases.\' CHORUS. (In which the words \'DRINK ME,\' but nevertheless she uncorked it and put it in asking riddles that have no answers.\' \'If you.', '304999.99', '2021-10-20', '2023-09-30', 'RyanG', 13, 3, 63);
INSERT INTO `project` (`project_id`, `title`, `summary`, `funding`, `start_date`, `end_date`, `abbreviation`, `executive_id`, `program_id`, `scientific_inspector_id`)
VALUES (64, 'Advanced Multi-Label Learning Techniques', 'Alice: \'allow me to introduce it.\' \'I don\'t even know what they\'re like.\' \'I believe so,\' Alice replied very readily: \'but that\'s because it stays the same as the doubled-up soldiers were silent,.', '203349.92', '2021-12-08', '2023-11-15', 'RyanG', 14, 4, 64);
INSERT INTO `project` (`project_id`, `title`, `summary`, `funding`, `start_date`, `end_date`, `abbreviation`, `executive_id`, `program_id`, `scientific_inspector_id`)
VALUES (65, 'Inflationary models in the lhc and planck era', 'Said his father; \'don\'t give yourself airs! Do you think I may as well say this), \'to go on with the other side will make you grow taller, and the happy summer days. THE.', '100999.99', '2021-08-01', '2023-02-12', 'RyanG', 15, 5, 65);
INSERT INTO `project` (`project_id`, `title`, `summary`, `funding`, `start_date`, `end_date`, `abbreviation`, `executive_id`, `program_id`, `scientific_inspector_id`)
VALUES (66, 'European Pulsar Composition Survey', 'I\'ve been changed for Mabel! I\'ll try and repeat something now. Tell her to begin.\' He looked at them with the glass table and the party went back to the jury. They were indeed a queer-looking party.', '550000', '2021-03-26', '2023-09-10', 'AaS', 16, 6, 66);
INSERT INTO `project` (`project_id`, `title`, `summary`, `funding`, `start_date`, `end_date`, `abbreviation`, `executive_id`, `program_id`, `scientific_inspector_id`)
VALUES (67, 'Elucidating the capacity of axons through a comparative study', 'King replied. Here the Queen put on one side, to look about her repeating \'YOU ARE OLD, FATHER WILLIAM,\' to the part about her other little children, and make out who was sitting next to no toys to.', '432000', '2021-08-01', '2024-03-22', 'AaS', 17, 7, 67);
INSERT INTO `project` (`project_id`, `title`, `summary`, `funding`, `start_date`, `end_date`, `abbreviation`, `executive_id`, `program_id`, `scientific_inspector_id`)
VALUES (68, 'New methodologies for the spaciotemporal analysis of proteolysis', 'Off--\' \'Nonsense!\' said Alice, \'a great girl like you,\' (she might well say that \"I see what was the fan and gloves. \'How queer it seems,\' Alice said to herself how this same little sister of hers.', '990000', '2022-08-20', '2024-05-19', 'AaS', 18, 8, 68);
INSERT INTO `project` (`project_id`, `title`, `summary`, `funding`, `start_date`, `end_date`, `abbreviation`, `executive_id`, `program_id`, `scientific_inspector_id`)
VALUES (69, 'Reviving  revolutionary Athens', 'Gryphon went on, \'you throw the--\' \'The lobsters!\' shouted the Queen. \'Sentence first--verdict afterwards.\' \'Stuff and nonsense!\' said Alice desperately: \'he\'s perfectly idiotic!\' And she tried to.', '800000', '2022-09-29', '2024-12-09', 'AaS', 19, 9, 69);
INSERT INTO `project` (`project_id`, `title`, `summary`, `funding`, `start_date`, `end_date`, `abbreviation`, `executive_id`, `program_id`, `scientific_inspector_id`)
VALUES (70, 'Promotion of Revival of Historical Events of the Revolution through Virtual Reality', 'Alice did not like to drop the jar for fear of their hearing her; and the King had said that day. \'That PROVES his guilt,\' said the Caterpillar took the hookah into its mouth and began an account of.', '700000', '2022-11-13', '2024-05-02', 'AaS', 20, 10, 70);
INSERT INTO `project` (`project_id`, `title`, `summary`, `funding`, `start_date`, `end_date`, `abbreviation`, `executive_id`, `program_id`, `scientific_inspector_id`)
VALUES (71, 'Experiential educational game for exploring the social identity of the revolution', 'Queen. An invitation from the trees had a head could be beheaded, and that he shook his grey locks, \'I kept all my life!\' Just as she picked up a little now and then; such as, \'Sure, I don\'t think,\'.', '530299.97', '2022-08-31', '2023-10-26', 'AaS', 21, 11, 71);
INSERT INTO `project` (`project_id`, `title`, `summary`, `funding`, `start_date`, `end_date`, `abbreviation`, `executive_id`, `program_id`, `scientific_inspector_id`)
VALUES (72, '1821 Graphic novel', 'Duchess\'s knee, while plates and dishes crashed around it--once more the pig-baby was sneezing on the bank--the birds with draggled feathers, the animals with their heads down and looked at Alice..', '643777.99', '2022-08-09', '2023-09-07', 'AaS', 22, 12, 72);
INSERT INTO `project` (`project_id`, `title`, `summary`, `funding`, `start_date`, `end_date`, `abbreviation`, `executive_id`, `program_id`, `scientific_inspector_id`)
VALUES (73, 'Boosting Efficiency and Green Growth through induced innovation', 'Hatter went on, \'What HAVE you been doing here?\' \'May it please your Majesty!\' the soldiers did. After these came the royal children; there were three little sisters--they were learning to draw, you.', '345000', '2022-12-30', '2024-11-20', 'AaS', 23, 13, 73);
INSERT INTO `project` (`project_id`, `title`, `summary`, `funding`, `start_date`, `end_date`, `abbreviation`, `executive_id`, `program_id`, `scientific_inspector_id`)
VALUES (74, 'Acting for Sustainability: Exploring the Factors that Build Sustainable Organizations', 'Footman remarked, \'till tomorrow--\' At this moment the door of which was lit up by two guinea-pigs, who were all crowded together at one corner of it: for she was quite pale (with passion, Alice.', '431000', '2022-01-18', '2024-12-25', 'AaS', 24, 14, 74);
INSERT INTO `project` (`project_id`, `title`, `summary`, `funding`, `start_date`, `end_date`, `abbreviation`, `executive_id`, `program_id`, `scientific_inspector_id`)
VALUES (75, 'Smart Technologies and Innovation Systems in Regional Development', 'As they walked off together. Alice was not quite sure whether it was indeed: she was dozing off, and she grew no larger: still it was looking at them with one finger, as he said in a tone of the.', '100000', '2022-09-12', '2023-10-19', 'AaS', 25, 15, 75);
INSERT INTO `project` (`project_id`, `title`, `summary`, `funding`, `start_date`, `end_date`, `abbreviation`, `executive_id`, `program_id`, `scientific_inspector_id`)
VALUES (76, 'Efficient Query Answering over RDF streams using Summaries', 'Queen put on his spectacles and looked along the passage into the garden with one finger pressed upon its nose. The Dormouse again took a great deal to ME,\' said Alice very meekly: \'I\'m growing.\'.', '160000', '2022-04-21', '2024-08-26', 'AaS', 26, 16, 76);
INSERT INTO `project` (`project_id`, `title`, `summary`, `funding`, `start_date`, `end_date`, `abbreviation`, `executive_id`, `program_id`, `scientific_inspector_id`)
VALUES (77, 'Cognitive decline prognosis in multiple sclerosis', 'The jury all brightened up again.) \'Please your Majesty,\' he began, \'for bringing these in: but I shall have somebody to talk nonsense. The Queen\'s Croquet-Ground A large rose-tree stood near the.', '820000', '2021-04-19', '2023-07-24', 'RyanG', 27, 17, 77);
INSERT INTO `project` (`project_id`, `title`, `summary`, `funding`, `start_date`, `end_date`, `abbreviation`, `executive_id`, `program_id`, `scientific_inspector_id`)
VALUES (78, 'Advanced Information Modelling for Safer Structures', 'Alice could not think of nothing better to say a word, but slowly followed her back to the seaside once in the sea, though you mayn\'t believe it--\' \'I never thought about it,\' added the Queen..', '653777', '2021-01-06', '2022-11-22', 'RyanG', 28, 18, 78);
INSERT INTO `project` (`project_id`, `title`, `summary`, `funding`, `start_date`, `end_date`, `abbreviation`, `executive_id`, `program_id`, `scientific_inspector_id`)
VALUES (79, 'Enhanced unmanned aerial vehicle platform', 'Queen, pointing to the baby, and not to her, And mentioned me to sell you a couple?\' \'You are old,\' said the Lory, as soon as there was no one else seemed inclined to say it over) \'--yes, that\'s.', '450000', '2021-02-17', '2023-01-02', 'RyanG', 29, 19, 79);
INSERT INTO `project` (`project_id`, `title`, `summary`, `funding`, `start_date`, `end_date`, `abbreviation`, `executive_id`, `program_id`, `scientific_inspector_id`)
VALUES (80, 'Nanocomposite adsorbents for the removal of high-valent pollutants from water', 'Alice to herself. \'I dare say there may be ONE.\' \'One, indeed!\' said the Rabbit say to itself, half to Alice. \'What IS the fun?\' said Alice. \'Oh, don\'t bother ME,\' said the Mock Turtle went on.', '200187.25', '2021-05-28', '2022-11-02', 'RyanG', 30, 20, 80);
INSERT INTO `project` (`project_id`, `title`, `summary`, `funding`, `start_date`, `end_date`, `abbreviation`, `executive_id`, `program_id`, `scientific_inspector_id`)
VALUES (81, 'Innovative Textile Structures for Mechanical Electromagnetic Reconfigurability', 'Gryphon, before Alice could see, as well say,\' added the Gryphon; and then they both bowed low, and their curls got entangled together. Alice laughed so much into the court, \'Bring me the truth: did.', '861465.86', '2021-03-16', '2023-07-18', 'RyanG', 31, 21, 81);
INSERT INTO `project` (`project_id`, `title`, `summary`, `funding`, `start_date`, `end_date`, `abbreviation`, `executive_id`, `program_id`, `scientific_inspector_id`)
VALUES (82, 'Towards resilient transportation infrastructure in a multi-hazard environment', 'Bill\'s got to grow to my jaw, Has lasted the rest of it in a game of croquet she was dozing off, and found quite a long argument with the Lory, with a growl, And concluded the banquet--] \'What IS a.', '560000.99', '2021-02-19', '2023-10-06', 'RyanG', 32, 22, 82);
INSERT INTO `project` (`project_id`, `title`, `summary`, `funding`, `start_date`, `end_date`, `abbreviation`, `executive_id`, `program_id`, `scientific_inspector_id`)
VALUES (83, 'Enzymatic synergism in the valorization of Greek lignocellulosic biomass', 'Let me see--how IS it to annoy, Because he knows it teases.\' CHORUS. (In which the words \'DRINK ME,\' but nevertheless she uncorked it and put it in asking riddles that have no answers.\' \'If you.', '533356.99', '2021-02-20', '2024-09-30', 'RyanG', 33, 23, 83);
INSERT INTO `project` (`project_id`, `title`, `summary`, `funding`, `start_date`, `end_date`, `abbreviation`, `executive_id`, `program_id`, `scientific_inspector_id`)
VALUES (84, 'Increasing awareness and preparedness for extreme fire weather and behavior', 'Alice: \'allow me to introduce it.\' \'I don\'t even know what they\'re like.\' \'I believe so,\' Alice replied very readily: \'but that\'s because it stays the same as the doubled-up soldiers were silent,.', '463049.92', '2022-02-08', '2023-11-15', 'RyanG', 34, 24, 84);
INSERT INTO `project` (`project_id`, `title`, `summary`, `funding`, `start_date`, `end_date`, `abbreviation`, `executive_id`, `program_id`, `scientific_inspector_id`)
VALUES (85, 'Groundwater depletion', 'Said his father; \'don\'t give yourself airs! Do you think I may as well say this), \'to go on with the other side will make you grow taller, and the happy summer days. THE.', '560000', '2022-08-01', '2024-06-12', 'RyanG', 35, 25, 85);
INSERT INTO `project` (`project_id`, `title`, `summary`, `funding`, `start_date`, `end_date`, `abbreviation`, `executive_id`, `program_id`, `scientific_inspector_id`)
VALUES (86, 'Advanced Materials for Perovskite Solar Cells', 'Beautiful, beauti--FUL SOUP!\' \'Chorus again!\' cried the Gryphon. Alice did not look at it!\' This speech caused a remarkable sensation among the branches, and every now and then sat upon it.) \'I\'m.', '150000', '2022-11-19', '2024-02-02', 'RyanG', 36, 26, 86);
INSERT INTO `project` (`project_id`, `title`, `summary`, `funding`, `start_date`, `end_date`, `abbreviation`, `executive_id`, `program_id`, `scientific_inspector_id`)
VALUES (87, 'Artificial Macrocycles: (R)evolution of Drug Discovery', 'And she thought at first she thought it over here,\' said the March Hare interrupted, yawning. \'I\'m getting tired of this. I vote the young lady to see if he wasn\'t one?\' Alice asked. \'We called him.', '700772.84', '2022-01-14', '2024-01-23', 'RyanG', 37, 27, 87);
INSERT INTO `project` (`project_id`, `title`, `summary`, `funding`, `start_date`, `end_date`, `abbreviation`, `executive_id`, `program_id`, `scientific_inspector_id`)
VALUES (88, 'Novel Multiresonant Photonic Metasurfaces for Broadband Control of Light', 'Gryphon, the squeaking of the tea--\' \'The twinkling of the other players, and shouting \'Off with his head!\' or \'Off with his head!\"\' \'How dreadfully savage!\' exclaimed Alice. \'And where HAVE my.', '420118.67', '2022-03-04', '2023-12-24', 'RyanG', 38, 28, 88);
INSERT INTO `project` (`project_id`, `title`, `summary`, `funding`, `start_date`, `end_date`, `abbreviation`, `executive_id`, `program_id`, `scientific_inspector_id`)
VALUES (89, 'Curculio elephas: novel tools for Integrated Pest Management', 'Alice remarked. \'Right, as usual,\' said the Caterpillar; and it sat for a long time together.\' \'Which is just the case with my wife; And the moral of that dark hall, and wander about among those.', '420893.38', '2022-08-03', '2024-05-23', 'RyanG', 39, 29, 89);
INSERT INTO `project` (`project_id`, `title`, `summary`, `funding`, `start_date`, `end_date`, `abbreviation`, `executive_id`, `program_id`, `scientific_inspector_id`)
VALUES (90, 'Diversity, phylogeny and chemical characterization of Tuber species from Greece', 'Who for such dainties would not open any of them. However, on the floor, and a scroll of parchment in the air. She did not like to try the experiment?\' \'HE might bite,\' Alice cautiously replied:.', '100056.52', '2022-03-27', '2024-08-22', 'RyanG', 40, 30, 90);
INSERT INTO `project` (`project_id`, `title`, `summary`, `funding`, `start_date`, `end_date`, `abbreviation`, `executive_id`, `program_id`, `scientific_inspector_id`)
VALUES (91, 'Elucidating the intrinsic regenerative capacity of axons', 'Gryphon, before Alice could see, as well say,\' added the Gryphon; and then they both bowed low, and their curls got entangled together. Alice laughed so much into the court, \'Bring me the truth: did.', '866465.86', '2022-03-16', '2023-07-18', 'RyanG', 41, 1, 91);
INSERT INTO `project` (`project_id`, `title`, `summary`, `funding`, `start_date`, `end_date`, `abbreviation`, `executive_id`, `program_id`, `scientific_inspector_id`)
VALUES (92, 'Normalization on Data Bases System', 'Bill\'s got to grow to my jaw, Has lasted the rest of it in a game of croquet she was dozing off, and found quite a long argument with the Lory, with a growl, And concluded the banquet--] \'What IS a.', '100999.99', '2022-12-19', '2024-10-06', 'RyanG', 42, 2, 92);
INSERT INTO `project` (`project_id`, `title`, `summary`, `funding`, `start_date`, `end_date`, `abbreviation`, `executive_id`, `program_id`, `scientific_inspector_id`)
VALUES (93, 'New Paradigms in Mathematical Finance: Modeling, Analysis, Computation', 'Let me see--how IS it to annoy, Because he knows it teases.\' CHORUS. (In which the words \'DRINK ME,\' but nevertheless she uncorked it and put it in asking riddles that have no answers.\' \'If you.', '208999.99', '2022-02-20', '2023-09-30', 'RyanG', 43, 3, 93);
INSERT INTO `project` (`project_id`, `title`, `summary`, `funding`, `start_date`, `end_date`, `abbreviation`, `executive_id`, `program_id`, `scientific_inspector_id`)
VALUES (94, 'Elastic, Predictable NoSQL Data Storage for Scalable Streaming Applications', 'Alice: \'allow me to introduce it.\' \'I don\'t even know what they\'re like.\' \'I believe so,\' Alice replied very readily: \'but that\'s because it stays the same as the doubled-up soldiers were silent,.', '465349.92', '2022-12-08', '2024-11-15', 'RyanG', 44, 4, 94);
INSERT INTO `project` (`project_id`, `title`, `summary`, `funding`, `start_date`, `end_date`, `abbreviation`, `executive_id`, `program_id`, `scientific_inspector_id`)
VALUES (95, 'Integrated System for the Support and Rehabilitation of Motor Functions', 'Said his father; \'don\'t give yourself airs! Do you think I may as well say this), \'to go on with the other side will make you grow taller, and the happy summer days. THE.', '302999.99', '2022-08-01', '2024-06-12', 'RyanG', 45, 5, 95);
INSERT INTO `project` (`project_id`, `title`, `summary`, `funding`, `start_date`, `end_date`, `abbreviation`, `executive_id`, `program_id`, `scientific_inspector_id`)
VALUES (96, 'A methodological framework for low-cost cooperative DGNSS', 'Beautiful, beauti--FUL SOUP!\' \'Chorus again!\' cried the Gryphon. Alice did not look at it!\' This speech caused a remarkable sensation among the branches, and every now and then sat upon it.) \'I\'m.', '230999.99', '2022-11-19', '2024-11-02', 'RyanG', 46, 6, 96);
INSERT INTO `project` (`project_id`, `title`, `summary`, `funding`, `start_date`, `end_date`, `abbreviation`, `executive_id`, `program_id`, `scientific_inspector_id`)
VALUES (97, 'Cybercartographies: Developing Powerful Multimodal Geovisualization Instruments', 'And she thought at first she thought it over here,\' said the March Hare interrupted, yawning. \'I\'m getting tired of this. I vote the young lady to see if he wasn\'t one?\' Alice asked. \'We called him.', '700772.84', '2022-01-14', '2023-01-23', 'RyanG', 47, 7, 97);
INSERT INTO `project` (`project_id`, `title`, `summary`, `funding`, `start_date`, `end_date`, `abbreviation`, `executive_id`, `program_id`, `scientific_inspector_id`)
VALUES (98, 'Zero Emission Public Transport: Decision Support System', 'Gryphon, the squeaking of the tea--\' \'The twinkling of the other players, and shouting \'Off with his head!\' or \'Off with his head!\"\' \'How dreadfully savage!\' exclaimed Alice. \'And where HAVE my.', '420118.67', '2022-03-04', '2023-10-24', 'AaS', 48, 8, 98);
INSERT INTO `project` (`project_id`, `title`, `summary`, `funding`, `start_date`, `end_date`, `abbreviation`, `executive_id`, `program_id`, `scientific_inspector_id`)
VALUES (99, 'Graphene-enhanced on-chip nanophotonics for switching', 'Alice remarked. \'Right, as usual,\' said the Caterpillar; and it sat for a long time together.\' \'Which is just the case with my wife; And the moral of that dark hall, and wander about among those.', '420893.38', '2022-08-03', '2024-05-23', 'AaS', 49, 9, 99);
INSERT INTO `project` (`project_id`, `title`, `summary`, `funding`, `start_date`, `end_date`, `abbreviation`, `executive_id`, `program_id`, `scientific_inspector_id`)
VALUES (100, 'Ancillary services in aCTIVe distribution networks', 'Who for such dainties would not open any of them. However, on the floor, and a scroll of parchment in the air. She did not like to try the experiment?\' \'HE might bite,\' Alice cautiously replied:.', '100056.52', '2022-08-27', '2024-08-22', 'AaS', 50, 10, 100);


INSERT INTO `delivered` (`title`, `summary`, `delivery_date`, `project_id`) VALUES ('Catalogue of therapeutic enzybiotics', 'Him, and ourselves, and it. Don\'t let him know she liked them best, For this must be the right words,\' said poor Alice, \'it would have called him Tortoise because he was gone, and, by the way out of.', '2020-05-24', 23);
INSERT INTO `delivered` (`title`, `summary`, `delivery_date`, `project_id`) VALUES ('The populist transformation of constitutional law', 'Never heard of uglifying!\' it exclaimed. \'You know what to beautify is, I suppose?\' said Alice. \'That\'s very curious.\' \'It\'s all his fancy, that: he hasn\'t got no business of MINE.\' The Queen turned.', '2022-06-25', 35);
INSERT INTO `delivered` (`title`, `summary`, `delivery_date`, `project_id`) VALUES ('Biodegradation of veterinary drugs', 'She said the Hatter. \'Does YOUR watch tell you more than Alice could see it trying in a tone of this pool? I am now? That\'ll be a letter, written by the Queen said severely \'Who is this?\' She said.', '2023-04-17', 50);
INSERT INTO `delivered` (`title`, `summary`, `delivery_date`, `project_id`) VALUES ('Traditional Agroforestry Systems ', 'And the moral of THAT is--\"Take care of themselves.\"\' \'How fond she is only a mouse that had slipped in like herself. \'Would it be of any that do,\' Alice hastily replied; \'at least--at least I mean.', '2019-06-13', 17);
INSERT INTO `delivered` (`title`, `summary`, `delivery_date`, `project_id`) VALUES ('Basic Principles of Photocatalysis', 'England the nearer is to do this, so that her shoulders were nowhere to be no doubt that it was the first minute or two the Caterpillar sternly. \'Explain yourself!\' \'I can\'t remember things as I.', '2022-02-24', 7);
INSERT INTO `delivered` (`title`, `summary`, `delivery_date`, `project_id`) VALUES ('Refinements of Worst-Case Analysis', 'Hatter. \'Nor I,\' said the Queen. \'Well, I should think you\'ll feel it a very truthful child; \'but little girls of her ever getting out of the Mock Turtle. \'She can\'t explain it,\' said the Gryphon:.', '2021-11-24', 21);
INSERT INTO `delivered` (`title`, `summary`, `delivery_date`, `project_id`) VALUES ('Genetic testing', 'Hatter began, in a very pretty dance,\' said Alice indignantly. \'Ah! then yours wasn\'t a bit hurt, and she thought it would be grand, certainly,\' said Alice as she swam about, trying to put his shoes.', '2020-05-10', 24);
INSERT INTO `delivered` (`title`, `summary`, `delivery_date`, `project_id`) VALUES ('What is the metaphysics of biology?', 'I needn\'t be afraid of them!\' \'And who are THESE?\' said the Mock Turtle to sing this:-- \'Beautiful Soup, so rich and green, Waiting in a rather offended tone, \'was, that the Queen in front of them,.', '2023-03-17', 36);
INSERT INTO `delivered` (`title`, `summary`, `delivery_date`, `project_id`) VALUES ('Creating evidence on youth migration', 'COULD! I\'m sure I have to go from here?\' \'That depends a good deal to ME,\' said the Caterpillar. \'Well, perhaps you were never even introduced to a mouse: she had not gone much farther before she.', '2022-05-02', 37);
INSERT INTO `delivered` (`title`, `summary`, `delivery_date`, `project_id`) VALUES ('DS4A', 'Duchess: \'what a clear way you have of putting things!\' \'It\'s a friend of mine--a Cheshire Cat,\' said Alice: \'allow me to introduce some other subject of conversation. \'Are you--are you fond--of--of.', '2019-12-22', 20);
INSERT INTO `delivered` (`title`, `summary`, `delivery_date`, `project_id`) VALUES ('Parameters affecting nanoparticles', 'He looked at poor Alice, and her eyes to see that the reason of that?\' \'In my youth,\' said his father, \'I took to the other: the Duchess said after a minute or two the Caterpillar called after it;.', '2020-03-03', 16);
INSERT INTO `delivered` (`title`, `summary`, `delivery_date`, `project_id`) VALUES ('Driven to extinction', 'Alice could speak again. In a minute or two the Caterpillar sternly. \'Explain yourself!\' \'I can\'t remember half of fright and half of them--and it belongs to a lobster--\' (Alice began to repeat it,.', '2021-05-08', 38);
INSERT INTO `delivered` (`title`, `summary`, `delivery_date`, `project_id`) VALUES ('Criminology and penology', 'IS it to speak with. Alice waited a little, and then added them up, and began by producing from under his arm a great hurry. An enormous puppy was looking about for some way of escape, and wondering.', '2023-03-20', 49);
INSERT INTO `delivered` (`title`, `summary`, `delivery_date`, `project_id`) VALUES ('The effectiveness of parent-implemented language interventions', 'Dormouse, who seemed to be seen: she found to be full of tears, but said nothing. \'This here young lady,\' said the Cat. \'Do you know what a Gryphon is, look at the stick, running a very good advice,.', '2022-01-23', 27);
INSERT INTO `delivered` (`title`, `summary`, `delivery_date`, `project_id`) VALUES ('Obesity and its assessment', 'It did so indeed, and much sooner than she had sat down at them, and just as well. The twelve jurors were writing down \'stupid things!\' on their slates, when the race was over. Alice was rather glad.', '2020-01-14', 6);
INSERT INTO `delivered` (`title`, `summary`, `delivery_date`, `project_id`) VALUES ('Value Across Drug Development Phases', 'I don\'t understand. Where did they draw?\' said Alice, very loudly and decidedly, and he went on \'And how did you call him Tortoise, if he would not open any of them. However, on the twelfth?\' Alice.', '2019-09-19', 22);
INSERT INTO `delivered` (`title`, `summary`, `delivery_date`, `project_id`) VALUES ('Diversity maps and spatial patterns', 'I\'m Mabel, I\'ll stay down here with me! There are no mice in the kitchen that did not much surprised at her side. She was a dispute going on within--a constant howling and sneezing, and every now.', '2019-01-08', 29);
INSERT INTO `delivered` (`title`, `summary`, `delivery_date`, `project_id`) VALUES ('Studies of membrane receptors', 'Alice ventured to taste it, and found that it had lost something; and she felt that it was sneezing and howling alternately without a great hurry; \'and their names were Elsie, Lacie, and Tillie; and.', '2020-05-04', 13);
INSERT INTO `delivered` (`title`, `summary`, `delivery_date`, `project_id`) VALUES ('Common Types of Photodetectors', 'Alice said nothing; she had forgotten the words.\' So they couldn\'t see it?\' So she swallowed one of these cakes,\' she thought, \'and hand round the rosetree; for, you see, as well go in at the top of.', '2021-11-22', 11);
INSERT INTO `delivered` (`title`, `summary`, `delivery_date`, `project_id`) VALUES ('Molyvoti, Thrace, Archaeological Project', 'Time as well as she went to school in the lock, and to wonder what Latitude was, or Longitude I\'ve got to?\' (Alice had been running half an hour or so there were a Duck and a Canary called out \'The.', '2021-06-03', 26);
INSERT INTO `delivered` (`title`, `summary`, `delivery_date`, `project_id`) VALUES ('Urban Flood Simulation', 'I grow up, I\'ll write one--but I\'m grown up now,\' she said, as politely as she could not answer without a moment\'s pause. The only things in the lap of her voice, and see what would happen next..', '2019-05-12', 10);
INSERT INTO `delivered` (`title`, `summary`, `delivery_date`, `project_id`) VALUES ('The process of allocating the workload', 'Duchess began in a long, low hall, which was the Hatter. He had been wandering, when a cry of \'The trial\'s beginning!\' was heard in the middle of the Rabbit\'s voice; and the whole cause, and condemn.', '2019-03-06', 8);
INSERT INTO `delivered` (`title`, `summary`, `delivery_date`, `project_id`) VALUES ('Highly inclined and eccentric massive planets', 'For instance, if you were never even spoke to Time!\' \'Perhaps not,\' Alice cautiously replied: \'but I know I have done just as she could, and soon found an opportunity of showing off a little.', '2022-11-27', 45);
INSERT INTO `delivered` (`title`, `summary`, `delivery_date`, `project_id`) VALUES ('Cognitive Neuroscience', 'There was a general clapping of hands at this: it was all about, and crept a little door about fifteen inches high: she tried to curtsey as she left her, leaning her head made her next remark. \'Then.', '2022-01-13', 9);
INSERT INTO `delivered` (`title`, `summary`, `delivery_date`, `project_id`) VALUES ('Current and future uses of carbon dioxide', 'Dormouse,\' thought Alice; but she could not think of anything to say, she simply bowed, and took the hookah out of a well?\' \'Take some more tea,\' the March Hare. The Hatter opened his eyes. He.', '2019-12-20', 5);
INSERT INTO `delivered` (`title`, `summary`, `delivery_date`, `project_id`) VALUES ('Bipartite Graph Matching Algorithms for Entity Resolution', 'Gryphon. \'I\'ve forgotten the little crocodile Improve his shining tail, And pour the waters of the gloves, and was going off into a graceful zigzag, and was surprised to find her in such a dear.', '2023-08-10', 46);
INSERT INTO `delivered` (`title`, `summary`, `delivery_date`, `project_id`) VALUES ('Data Preprocessing and Analysis', 'I\'m afraid, but you might catch a bat, and that\'s all the rest, Between yourself and me.\' \'That\'s the judge,\' she said to the shore. CHAPTER III. A Caucus-Race and a fan! Quick, now!\' And Alice was.', '2023-05-27', 41);
INSERT INTO `delivered` (`title`, `summary`, `delivery_date`, `project_id`) VALUES ('More than a mitochondrial protease...', 'The Dormouse slowly opened his eyes. He looked at her hands, and was suppressed. \'Come, that finished the first verse,\' said the youth, \'one would hardly suppose That your eye was as much use in.', '2021-03-20', 25);
INSERT INTO `delivered` (`title`, `summary`, `delivery_date`, `project_id`) VALUES ('Sectoral distribution of foreign investment', 'Duchess asked, with another dig of her hedgehog. The hedgehog was engaged in a great hurry, muttering to himself in an undertone to the Cheshire Cat sitting on the top with its eyelids, so he with.', '2021-12-23', 43);
INSERT INTO `delivered` (`title`, `summary`, `delivery_date`, `project_id`) VALUES ('The effects of hypoxia on mitochondrial function', 'Hatter. \'Nor I,\' said the King. \'Shan\'t,\' said the King: \'however, it may kiss my hand if it likes.\' \'I\'d rather not,\' the Cat in a sorrowful tone, \'I\'m afraid I don\'t understand. Where did they.', '2019-06-28', 15);
INSERT INTO `delivered` (`title`, `summary`, `delivery_date`, `project_id`) VALUES ('Deep diffractive neural network', 'The pepper when he finds out who I am! But I\'d better take him his fan and a crash of broken glass. \'What a curious dream!\' said Alice, rather alarmed at the top of his pocket, and pulled out a box.', '2019-08-10', 40);
INSERT INTO `delivered` (`title`, `summary`, `delivery_date`, `project_id`) VALUES ('The evolution of food systems', 'I BEG your pardon!\' cried Alice (she was so full of tears, but said nothing. \'Perhaps it hasn\'t one,\' Alice ventured to ask. \'Suppose we change the subject. \'Go on with the Mouse heard this, it.', '2022-03-16', 33);
INSERT INTO `delivered` (`title`, `summary`, `delivery_date`, `project_id`) VALUES ('Gravimetric geoid model for the Hellenic area', 'Presently she began shrinking directly. As soon as it turned a back-somersault in at once.\' However, she soon made out the words: \'Where\'s the other side of the fact. \'I keep them to be ashamed of.', '2018-12-14', 1);
INSERT INTO `delivered` (`title`, `summary`, `delivery_date`, `project_id`) VALUES ('Euclidean Sections of Convex Bodies', 'When she got to go among mad people,\' Alice remarked. \'Oh, you foolish Alice!\' she answered herself. \'How can you learn lessons in here? Why, there\'s hardly enough of it in a great hurry. An.', '2021-11-26', 19);
INSERT INTO `delivered` (`title`, `summary`, `delivery_date`, `project_id`) VALUES ('Quantum key distribution', 'Alice looked very anxiously into its mouth and yawned once or twice she had tired herself out with trying, the poor little thing was snorting like a sky-rocket!\' \'So you did, old fellow!\' said the.', '2022-11-02', 44);
INSERT INTO `delivered` (`title`, `summary`, `delivery_date`, `project_id`) VALUES ('Giant black holes and galaxies', 'The moment Alice appeared, she was going to say,\' said the Cat, \'if you don\'t know what a wonderful dream it had fallen into it: there were no tears. \'If you\'re going to be, from one end of his.', '2019-07-15', 14);
INSERT INTO `delivered` (`title`, `summary`, `delivery_date`, `project_id`) VALUES ('Employee stabilisation', 'I did: there\'s no harm in trying.\' So she stood looking at the window.\' \'THAT you won\'t\' thought Alice, and, after glaring at her for a dunce? Go on!\' \'I\'m a poor man, your Majesty,\' he began, \'for.', '2023-01-04', 31);
INSERT INTO `delivered` (`title`, `summary`, `delivery_date`, `project_id`) VALUES ('Electromagnetic interferences between electronic units', 'She said this last remark that had slipped in like herself. \'Would it be of any good reason, and as it didn\'t sound at all for any lesson-books!\' And so she went back to the dance. Would not, could.', '2019-08-11', 42);
INSERT INTO `delivered` (`title`, `summary`, `delivery_date`, `project_id`) VALUES ('Internet of Things and Machine Learning', 'Alice. \'I\'ve read that in about half no time! Take your choice!\' The Duchess took her choice, and was going on, as she could, for the hedgehogs; and in THAT direction,\' the Cat went on, \'What\'s your.', '2019-06-14', 4);
INSERT INTO `delivered` (`title`, `summary`, `delivery_date`, `project_id`) VALUES ('Journal of Marketing', 'Mock Turtle went on. \'I do,\' Alice said to the seaside once in the distance, screaming with passion. She had just begun to repeat it, but her head through the door, and knocked. \'There\'s no such.', '2022-06-07', 32);
INSERT INTO `delivered` (`title`, `summary`, `delivery_date`, `project_id`) VALUES ('Water efficiency', 'Alice called out to sea as you are; secondly, because she was about a foot high: then she walked down the middle, being held up by wild beasts and other unpleasant things, all because they WOULD go.', '2022-03-26', 30);
INSERT INTO `delivered` (`title`, `summary`, `delivery_date`, `project_id`) VALUES ('An Interdisciplinary Journal for Theatre and the Arts', 'Which way?\', holding her hand on the ground near the door, and the roof off.\' After a while she was to get very tired of swimming about here, O Mouse!\' (Alice thought this a very short time the.', '2021-09-18', 28);
INSERT INTO `delivered` (`title`, `summary`, `delivery_date`, `project_id`) VALUES ('Consumption in the Great Recession', 'I am now? That\'ll be a lesson to you never to lose YOUR temper!\' \'Hold your tongue!\' said the Mock Turtle persisted. \'How COULD he turn them out with trying, the poor little feet, I wonder what.', '2023-09-07', 39);
INSERT INTO `delivered` (`title`, `summary`, `delivery_date`, `project_id`) VALUES ('Implementation of Hydraulic Modelling for Water-Loss', 'Alice put down the chimney as she went slowly after it: \'I never thought about it,\' said Alice. \'Why, there they are!\' said the Caterpillar; and it was looking up into the sea, though you mayn\'t.', '2020-04-30', 2);
INSERT INTO `delivered` (`title`, `summary`, `delivery_date`, `project_id`) VALUES ('Data Analytics Methods in OSN', 'Hatter. \'I deny it!\' said the King. (The jury all brightened up again.) \'Please your Majesty,\' said the Duchess; \'and that\'s why. Pig!\' She said this last remark, \'it\'s a vegetable. It doesn\'t look.', '2018-12-02', 18);
INSERT INTO `delivered` (`title`, `summary`, `delivery_date`, `project_id`) VALUES ('Mechanisms linking social media to right political violence', 'The March Hare meekly replied. \'Yes, but I can\'t quite follow it as to prevent its undoing itself,) she carried it off. * * * * * * * * * * * * * * * * \'Come, my head\'s free at last!\' said Alice.', '2022-09-04', 34);
INSERT INTO `delivered` (`title`, `summary`, `delivery_date`, `project_id`) VALUES ('NAEA Position Statement on Censorship and the Arts', 'AND WASHING--extra.\"\' \'You couldn\'t have wanted it much,\' said Alice, \'it\'s very rude.\' The Hatter was out of their hearing her; and the cool fountains. CHAPTER VIII. The Queen\'s Croquet-Ground A.', '2020-05-08', 48);
INSERT INTO `delivered` (`title`, `summary`, `delivery_date`, `project_id`) VALUES ('A theory of evolutionary dynamics', 'Alice went on in the distance, sitting sad and lonely on a branch of a water-well,\' said the Cat. \'I don\'t see how he can thoroughly enjoy The pepper when he finds out who I WAS when I breathe\"!\'.', '2023-08-17', 47);
INSERT INTO `delivered` (`title`, `summary`, `delivery_date`, `project_id`) VALUES ('Artificial Intelligence Technologies for Sign Language', 'Quick, now!\' And Alice was too dark to see a little of the singers in the wood,\' continued the King. Here one of these cakes,\' she thought, and looked anxiously round, to make it stop. \'Well, I\'d.', '2021-08-26', 3);
INSERT INTO `delivered` (`title`, `summary`, `delivery_date`, `project_id`) VALUES ('Constructivist Challenges for Applied Linguistics', 'White Rabbit blew three blasts on the hearth and grinning from ear to ear. \'Please would you like to see the earth takes twenty-four hours to turn into a large arm-chair at one end of the evening,.', '2019-08-30', 12);

INSERT INTO `works_on_project`(`project_id`, `researcher_id`) VALUES (1, 201);
INSERT INTO `works_on_project`(`project_id`, `researcher_id`) VALUES (2, 202);
INSERT INTO `works_on_project`(`project_id`, `researcher_id`) VALUES (3, 203);
INSERT INTO `works_on_project`(`project_id`, `researcher_id`) VALUES (4, 204);
INSERT INTO `works_on_project`(`project_id`, `researcher_id`) VALUES (5, 205);
INSERT INTO `works_on_project`(`project_id`, `researcher_id`) VALUES (6, 206);
INSERT INTO `works_on_project`(`project_id`, `researcher_id`) VALUES (7, 207);
INSERT INTO `works_on_project`(`project_id`, `researcher_id`) VALUES (8, 208);
INSERT INTO `works_on_project`(`project_id`, `researcher_id`) VALUES (9, 209);
INSERT INTO `works_on_project`(`project_id`, `researcher_id`) VALUES (10, 210);
INSERT INTO `works_on_project`(`project_id`, `researcher_id`) VALUES (11, 211);
INSERT INTO `works_on_project`(`project_id`, `researcher_id`) VALUES (12, 212);
INSERT INTO `works_on_project`(`project_id`, `researcher_id`) VALUES (13, 213);
INSERT INTO `works_on_project`(`project_id`, `researcher_id`) VALUES (14, 214);
INSERT INTO `works_on_project`(`project_id`, `researcher_id`) VALUES (15, 215);
INSERT INTO `works_on_project`(`project_id`, `researcher_id`) VALUES (16, 216);
INSERT INTO `works_on_project`(`project_id`, `researcher_id`) VALUES (17, 217);
INSERT INTO `works_on_project`(`project_id`, `researcher_id`) VALUES (18, 218);
INSERT INTO `works_on_project`(`project_id`, `researcher_id`) VALUES (19, 219);
INSERT INTO `works_on_project`(`project_id`, `researcher_id`) VALUES (20, 220);
INSERT INTO `works_on_project`(`project_id`, `researcher_id`) VALUES (21, 221);
INSERT INTO `works_on_project`(`project_id`, `researcher_id`) VALUES (22, 222);
INSERT INTO `works_on_project`(`project_id`, `researcher_id`) VALUES (23, 223);
INSERT INTO `works_on_project`(`project_id`, `researcher_id`) VALUES (24, 224);
INSERT INTO `works_on_project`(`project_id`, `researcher_id`) VALUES (25, 225);
INSERT INTO `works_on_project`(`project_id`, `researcher_id`) VALUES (26, 226);
INSERT INTO `works_on_project`(`project_id`, `researcher_id`) VALUES (27, 227);
INSERT INTO `works_on_project`(`project_id`, `researcher_id`) VALUES (28, 228);
INSERT INTO `works_on_project`(`project_id`, `researcher_id`) VALUES (29, 229);
INSERT INTO `works_on_project`(`project_id`, `researcher_id`) VALUES (30, 230);
INSERT INTO `works_on_project`(`project_id`, `researcher_id`) VALUES (31, 231);
INSERT INTO `works_on_project`(`project_id`, `researcher_id`) VALUES (32, 232);
INSERT INTO `works_on_project`(`project_id`, `researcher_id`) VALUES (33, 233);
INSERT INTO `works_on_project`(`project_id`, `researcher_id`) VALUES (34, 234);
INSERT INTO `works_on_project`(`project_id`, `researcher_id`) VALUES (35, 235);
INSERT INTO `works_on_project`(`project_id`, `researcher_id`) VALUES (36, 236);
INSERT INTO `works_on_project`(`project_id`, `researcher_id`) VALUES (37, 237);
INSERT INTO `works_on_project`(`project_id`, `researcher_id`) VALUES (38, 238);
INSERT INTO `works_on_project`(`project_id`, `researcher_id`) VALUES (39, 239);
INSERT INTO `works_on_project`(`project_id`, `researcher_id`) VALUES (40, 240);
INSERT INTO `works_on_project`(`project_id`, `researcher_id`) VALUES (41, 241);
INSERT INTO `works_on_project`(`project_id`, `researcher_id`) VALUES (42, 242);
INSERT INTO `works_on_project`(`project_id`, `researcher_id`) VALUES (43, 243);
INSERT INTO `works_on_project`(`project_id`, `researcher_id`) VALUES (44, 244);
INSERT INTO `works_on_project`(`project_id`, `researcher_id`) VALUES (45, 245);
INSERT INTO `works_on_project`(`project_id`, `researcher_id`) VALUES (46, 246);
INSERT INTO `works_on_project`(`project_id`, `researcher_id`) VALUES (47, 247);
INSERT INTO `works_on_project`(`project_id`, `researcher_id`) VALUES (48, 248);
INSERT INTO `works_on_project`(`project_id`, `researcher_id`) VALUES (49, 249);
INSERT INTO `works_on_project`(`project_id`, `researcher_id`) VALUES (50, 250);
INSERT INTO `works_on_project`(`project_id`, `researcher_id`) VALUES (51, 251);
INSERT INTO `works_on_project`(`project_id`, `researcher_id`) VALUES (52, 252);
INSERT INTO `works_on_project`(`project_id`, `researcher_id`) VALUES (53, 253);
INSERT INTO `works_on_project`(`project_id`, `researcher_id`) VALUES (54, 254);
INSERT INTO `works_on_project`(`project_id`, `researcher_id`) VALUES (55, 255);
INSERT INTO `works_on_project`(`project_id`, `researcher_id`) VALUES (56, 256);
INSERT INTO `works_on_project`(`project_id`, `researcher_id`) VALUES (57, 257);
INSERT INTO `works_on_project`(`project_id`, `researcher_id`) VALUES (58, 258);
INSERT INTO `works_on_project`(`project_id`, `researcher_id`) VALUES (59, 259);
INSERT INTO `works_on_project`(`project_id`, `researcher_id`) VALUES (60, 260);
INSERT INTO `works_on_project`(`project_id`, `researcher_id`) VALUES (61, 261);
INSERT INTO `works_on_project`(`project_id`, `researcher_id`) VALUES (62, 262);
INSERT INTO `works_on_project`(`project_id`, `researcher_id`) VALUES (63, 263);
INSERT INTO `works_on_project`(`project_id`, `researcher_id`) VALUES (64, 264);
INSERT INTO `works_on_project`(`project_id`, `researcher_id`) VALUES (65, 265);
INSERT INTO `works_on_project`(`project_id`, `researcher_id`) VALUES (66, 266);
INSERT INTO `works_on_project`(`project_id`, `researcher_id`) VALUES (67, 267);
INSERT INTO `works_on_project`(`project_id`, `researcher_id`) VALUES (68, 268);
INSERT INTO `works_on_project`(`project_id`, `researcher_id`) VALUES (69, 269);
INSERT INTO `works_on_project`(`project_id`, `researcher_id`) VALUES (70, 270);
INSERT INTO `works_on_project`(`project_id`, `researcher_id`) VALUES (71, 271);
INSERT INTO `works_on_project`(`project_id`, `researcher_id`) VALUES (72, 272);
INSERT INTO `works_on_project`(`project_id`, `researcher_id`) VALUES (73, 273);
INSERT INTO `works_on_project`(`project_id`, `researcher_id`) VALUES (74, 274);
INSERT INTO `works_on_project`(`project_id`, `researcher_id`) VALUES (75, 275);
INSERT INTO `works_on_project`(`project_id`, `researcher_id`) VALUES (76, 276);
INSERT INTO `works_on_project`(`project_id`, `researcher_id`) VALUES (77, 277);
INSERT INTO `works_on_project`(`project_id`, `researcher_id`) VALUES (78, 278);
INSERT INTO `works_on_project`(`project_id`, `researcher_id`) VALUES (79, 279);
INSERT INTO `works_on_project`(`project_id`, `researcher_id`) VALUES (80, 280);
INSERT INTO `works_on_project`(`project_id`, `researcher_id`) VALUES (81, 281);
INSERT INTO `works_on_project`(`project_id`, `researcher_id`) VALUES (82, 282);
INSERT INTO `works_on_project`(`project_id`, `researcher_id`) VALUES (83, 283);
INSERT INTO `works_on_project`(`project_id`, `researcher_id`) VALUES (84, 284);
INSERT INTO `works_on_project`(`project_id`, `researcher_id`) VALUES (85, 285);
INSERT INTO `works_on_project`(`project_id`, `researcher_id`) VALUES (86, 286);
INSERT INTO `works_on_project`(`project_id`, `researcher_id`) VALUES (87, 287);
INSERT INTO `works_on_project`(`project_id`, `researcher_id`) VALUES (88, 288);
INSERT INTO `works_on_project`(`project_id`, `researcher_id`) VALUES (89, 289);
INSERT INTO `works_on_project`(`project_id`, `researcher_id`) VALUES (90, 290);
INSERT INTO `works_on_project`(`project_id`, `researcher_id`) VALUES (91, 291);
INSERT INTO `works_on_project`(`project_id`, `researcher_id`) VALUES (92, 292);
INSERT INTO `works_on_project`(`project_id`, `researcher_id`) VALUES (93, 293);
INSERT INTO `works_on_project`(`project_id`, `researcher_id`) VALUES (94, 294);
INSERT INTO `works_on_project`(`project_id`, `researcher_id`) VALUES (95, 295);
INSERT INTO `works_on_project`(`project_id`, `researcher_id`) VALUES (96, 296);
INSERT INTO `works_on_project`(`project_id`, `researcher_id`) VALUES (97, 297);
INSERT INTO `works_on_project`(`project_id`, `researcher_id`) VALUES (98, 298);
INSERT INTO `works_on_project`(`project_id`, `researcher_id`) VALUES (99, 299);
INSERT INTO `works_on_project`(`project_id`, `researcher_id`) VALUES (100, 300);
/* gia to query pou leei gia enan ergazomeno pou douleuei gia 5+ projects*/
/* evala gia paradeigma 2 ergazomenous tou AaS na doulepsoun gia kapoia project tou Aas*/
INSERT INTO `works_on_project`(`project_id`, `researcher_id`) VALUES (66, 300);
INSERT INTO `works_on_project`(`project_id`, `researcher_id`) VALUES (67, 300);
INSERT INTO `works_on_project`(`project_id`, `researcher_id`) VALUES (68, 300);
INSERT INTO `works_on_project`(`project_id`, `researcher_id`) VALUES (69, 300);
INSERT INTO `works_on_project`(`project_id`, `researcher_id`) VALUES (70, 300);
INSERT INTO `works_on_project`(`project_id`, `researcher_id`) VALUES (71, 300);

INSERT INTO `works_on_project`(`project_id`, `researcher_id`) VALUES (69, 299);
INSERT INTO `works_on_project`(`project_id`, `researcher_id`) VALUES (70, 299);
INSERT INTO `works_on_project`(`project_id`, `researcher_id`) VALUES (71, 299);
INSERT INTO `works_on_project`(`project_id`, `researcher_id`) VALUES (72, 299);
INSERT INTO `works_on_project`(`project_id`, `researcher_id`) VALUES (73, 299);

INSERT INTO `evaluate_project` (`project_id`, `researcher_id`, `grade`, `evaluation_date`) VALUES (1, 101, '4.00', '2018-09-03');
INSERT INTO `evaluate_project` (`project_id`, `researcher_id`, `grade`, `evaluation_date`) VALUES (2, 102, '3.50', '2019-04-21');
INSERT INTO `evaluate_project` (`project_id`, `researcher_id`, `grade`, `evaluation_date`) VALUES (3, 103, '8.50', '2021-05-02');
INSERT INTO `evaluate_project` (`project_id`, `researcher_id`, `grade`, `evaluation_date`) VALUES (4, 104, '6.70', '2019-07-26');
INSERT INTO `evaluate_project` (`project_id`, `researcher_id`, `grade`, `evaluation_date`) VALUES (5, 105, '4.60', '2017-03-06');
INSERT INTO `evaluate_project` (`project_id`, `researcher_id`, `grade`, `evaluation_date`) VALUES (6, 106, '9.00', '2019-11-06');
INSERT INTO `evaluate_project` (`project_id`, `researcher_id`, `grade`, `evaluation_date`) VALUES (7, 107, '7.60', '2021-11-14');
INSERT INTO `evaluate_project` (`project_id`, `researcher_id`, `grade`, `evaluation_date`) VALUES (8, 108, '8.40', '2018-05-28');
INSERT INTO `evaluate_project` (`project_id`, `researcher_id`, `grade`, `evaluation_date`) VALUES (9, 109, '3.00', '2021-02-03');
INSERT INTO `evaluate_project` (`project_id`, `researcher_id`, `grade`, `evaluation_date`) VALUES (10, 110, '4.00', '2017-12-11');
INSERT INTO `evaluate_project` (`project_id`, `researcher_id`, `grade`, `evaluation_date`) VALUES (11, 111, '5.00', '2020-11-11');
INSERT INTO `evaluate_project` (`project_id`, `researcher_id`, `grade`, `evaluation_date`) VALUES (12, 112, '8.50', '2018-02-06');
INSERT INTO `evaluate_project` (`project_id`, `researcher_id`, `grade`, `evaluation_date`) VALUES (13, 113, '9.50', '2018-11-16');
INSERT INTO `evaluate_project` (`project_id`, `researcher_id`, `grade`, `evaluation_date`) VALUES (14, 114, '10.00', '2018-08-30');
INSERT INTO `evaluate_project` (`project_id`, `researcher_id`, `grade`, `evaluation_date`) VALUES (15, 115, '0.00', '2018-01-29');
INSERT INTO `evaluate_project` (`project_id`, `researcher_id`, `grade`, `evaluation_date`) VALUES (16, 116, '3.40', '2019-06-09');
INSERT INTO `evaluate_project` (`project_id`, `researcher_id`, `grade`, `evaluation_date`) VALUES (17, 117, '8.30', '2018-05-18');
INSERT INTO `evaluate_project` (`project_id`, `researcher_id`, `grade`, `evaluation_date`) VALUES (18, 118, '6.50', '2018-06-08');
INSERT INTO `evaluate_project` (`project_id`, `researcher_id`, `grade`, `evaluation_date`) VALUES (19, 119, '4.50', '2020-12-08');
INSERT INTO `evaluate_project` (`project_id`, `researcher_id`, `grade`, `evaluation_date`) VALUES (20, 120, '3.50', '2018-12-12');
INSERT INTO `evaluate_project` (`project_id`, `researcher_id`, `grade`, `evaluation_date`) VALUES (21, 121, '8.50', '2020-12-15');
INSERT INTO `evaluate_project` (`project_id`, `researcher_id`, `grade`, `evaluation_date`) VALUES (22, 122, '5.50', '2018-03-22');
INSERT INTO `evaluate_project` (`project_id`, `researcher_id`, `grade`, `evaluation_date`) VALUES (23, 123, '4.50', '2019-05-09');
INSERT INTO `evaluate_project` (`project_id`, `researcher_id`, `grade`, `evaluation_date`) VALUES (24, 124, '7.50', '2018-09-12');
INSERT INTO `evaluate_project` (`project_id`, `researcher_id`, `grade`, `evaluation_date`) VALUES (25, 125, '5.50', '2019-07-15');
INSERT INTO `evaluate_project` (`project_id`, `researcher_id`, `grade`, `evaluation_date`) VALUES (26, 126, '7.50', '2019-02-23');
INSERT INTO `evaluate_project` (`project_id`, `researcher_id`, `grade`, `evaluation_date`) VALUES (27, 127, '4.50', '2020-07-03');
INSERT INTO `evaluate_project` (`project_id`, `researcher_id`, `grade`, `evaluation_date`) VALUES (28, 128, '3.50', '2020-07-22');
INSERT INTO `evaluate_project` (`project_id`, `researcher_id`, `grade`, `evaluation_date`) VALUES (29, 129, '8.50', '2018-08-30');
INSERT INTO `evaluate_project` (`project_id`, `researcher_id`, `grade`, `evaluation_date`) VALUES (30, 130, '7.50', '2019-10-05');
INSERT INTO `evaluate_project` (`project_id`, `researcher_id`, `grade`, `evaluation_date`) VALUES (31, 131, '4.00', '2020-07-13');
INSERT INTO `evaluate_project` (`project_id`, `researcher_id`, `grade`, `evaluation_date`) VALUES (32, 132, '9.00', '2021-07-15');
INSERT INTO `evaluate_project` (`project_id`, `researcher_id`, `grade`, `evaluation_date`) VALUES (33, 133, '8.50', '2019-11-25');
INSERT INTO `evaluate_project` (`project_id`, `researcher_id`, `grade`, `evaluation_date`) VALUES (34, 134, '4.50', '2021-12-16');
INSERT INTO `evaluate_project` (`project_id`, `researcher_id`, `grade`, `evaluation_date`) VALUES (35, 135, '3.50', '2021-08-24');
INSERT INTO `evaluate_project` (`project_id`, `researcher_id`, `grade`, `evaluation_date`) VALUES (36, 136, '5.00', '2022-03-28');
INSERT INTO `evaluate_project` (`project_id`, `researcher_id`, `grade`, `evaluation_date`) VALUES (37, 137, '3.50', '2021-03-22');
INSERT INTO `evaluate_project` (`project_id`, `researcher_id`, `grade`, `evaluation_date`) VALUES (38, 138, '7.50', '2018-12-28');
INSERT INTO `evaluate_project` (`project_id`, `researcher_id`, `grade`, `evaluation_date`) VALUES (39, 139, '2.50', '2022-01-11');
INSERT INTO `evaluate_project` (`project_id`, `researcher_id`, `grade`, `evaluation_date`) VALUES (40, 140, '1.00', '2019-04-08');
INSERT INTO `evaluate_project` (`project_id`, `researcher_id`, `grade`, `evaluation_date`) VALUES (41, 141, '5.50', '2021-02-16');
INSERT INTO `evaluate_project` (`project_id`, `researcher_id`, `grade`, `evaluation_date`) VALUES (42, 142, '9.50', '2020-11-06');
INSERT INTO `evaluate_project` (`project_id`, `researcher_id`, `grade`, `evaluation_date`) VALUES (43, 143, '0.50', '2019-11-05');
INSERT INTO `evaluate_project` (`project_id`, `researcher_id`, `grade`, `evaluation_date`) VALUES (44, 144, '3.50', '2022-01-23');
INSERT INTO `evaluate_project` (`project_id`, `researcher_id`, `grade`, `evaluation_date`) VALUES (45, 145, '6.00', '2021-07-25');
INSERT INTO `evaluate_project` (`project_id`, `researcher_id`, `grade`, `evaluation_date`) VALUES (46, 146, '4.00', '2020-10-02');
INSERT INTO `evaluate_project` (`project_id`, `researcher_id`, `grade`, `evaluation_date`) VALUES (47, 147, '4.50', '2021-12-23');
INSERT INTO `evaluate_project` (`project_id`, `researcher_id`, `grade`, `evaluation_date`) VALUES (48, 148, '7.00', '2019-02-13');
INSERT INTO `evaluate_project` (`project_id`, `researcher_id`, `grade`, `evaluation_date`) VALUES (49, 149, '6.50', '2021-07-26');
INSERT INTO `evaluate_project` (`project_id`, `researcher_id`, `grade`, `evaluation_date`) VALUES (50, 150, '4.50', '2022-02-15');
INSERT INTO `evaluate_project` (`project_id`, `researcher_id`, `grade`, `evaluation_date`) VALUES (51, 151, '4.00', '2020-06-03');
INSERT INTO `evaluate_project` (`project_id`, `researcher_id`, `grade`, `evaluation_date`) VALUES (52, 152, '3.50', '2019-11-21');
INSERT INTO `evaluate_project` (`project_id`, `researcher_id`, `grade`, `evaluation_date`) VALUES (53, 153, '8.50', '2020-09-02');
INSERT INTO `evaluate_project` (`project_id`, `researcher_id`, `grade`, `evaluation_date`) VALUES (54, 154, '6.70', '2018-11-26');
INSERT INTO `evaluate_project` (`project_id`, `researcher_id`, `grade`, `evaluation_date`) VALUES (55, 155, '4.60', '2019-07-06');
INSERT INTO `evaluate_project` (`project_id`, `researcher_id`, `grade`, `evaluation_date`) VALUES (56, 156, '9.00', '2021-10-06');
INSERT INTO `evaluate_project` (`project_id`, `researcher_id`, `grade`, `evaluation_date`) VALUES (57, 157, '7.60', '2019-10-14');
INSERT INTO `evaluate_project` (`project_id`, `researcher_id`, `grade`, `evaluation_date`) VALUES (58, 158, '8.40', '2018-02-28');
INSERT INTO `evaluate_project` (`project_id`, `researcher_id`, `grade`, `evaluation_date`) VALUES (59, 159, '3.00', '2019-07-03');
INSERT INTO `evaluate_project` (`project_id`, `researcher_id`, `grade`, `evaluation_date`) VALUES (60, 160, '4.00', '2018-07-11');
INSERT INTO `evaluate_project` (`project_id`, `researcher_id`, `grade`, `evaluation_date`) VALUES (61, 161, '5.00', '2019-02-11');
INSERT INTO `evaluate_project` (`project_id`, `researcher_id`, `grade`, `evaluation_date`) VALUES (62, 162, '8.50', '2020-11-30');
INSERT INTO `evaluate_project` (`project_id`, `researcher_id`, `grade`, `evaluation_date`) VALUES (63, 163, '9.50', '2019-09-16');
INSERT INTO `evaluate_project` (`project_id`, `researcher_id`, `grade`, `evaluation_date`) VALUES (64, 164, '10.00', '2019-11-30');
INSERT INTO `evaluate_project` (`project_id`, `researcher_id`, `grade`, `evaluation_date`) VALUES (65, 165, '0.00', '2019-07-29');
INSERT INTO `evaluate_project` (`project_id`, `researcher_id`, `grade`, `evaluation_date`) VALUES (66, 166, '7.50', '2021-04-23');
INSERT INTO `evaluate_project` (`project_id`, `researcher_id`, `grade`, `evaluation_date`) VALUES (67, 167, '4.50', '2022-09-03');
INSERT INTO `evaluate_project` (`project_id`, `researcher_id`, `grade`, `evaluation_date`) VALUES (68, 168, '3.50', '2022-09-22');
INSERT INTO `evaluate_project` (`project_id`, `researcher_id`, `grade`, `evaluation_date`) VALUES (69, 169, '8.50', '2022-10-30');
INSERT INTO `evaluate_project` (`project_id`, `researcher_id`, `grade`, `evaluation_date`) VALUES (70, 170, '7.50', '2022-12-05');
INSERT INTO `evaluate_project` (`project_id`, `researcher_id`, `grade`, `evaluation_date`) VALUES (71, 171, '4.00', '2022-09-13');
INSERT INTO `evaluate_project` (`project_id`, `researcher_id`, `grade`, `evaluation_date`) VALUES (72, 172, '9.00', '2022-09-15');
INSERT INTO `evaluate_project` (`project_id`, `researcher_id`, `grade`, `evaluation_date`) VALUES (73, 173, '8.50', '2022-12-25');
INSERT INTO `evaluate_project` (`project_id`, `researcher_id`, `grade`, `evaluation_date`) VALUES (74, 174, '4.50', '2022-02-16');
INSERT INTO `evaluate_project` (`project_id`, `researcher_id`, `grade`, `evaluation_date`) VALUES (75, 175, '3.50', '2022-10-24');
INSERT INTO `evaluate_project` (`project_id`, `researcher_id`, `grade`, `evaluation_date`) VALUES (76, 176, '5.00', '2022-05-28');
INSERT INTO `evaluate_project` (`project_id`, `researcher_id`, `grade`, `evaluation_date`) VALUES (77, 177, '3.50', '2021-08-22');
INSERT INTO `evaluate_project` (`project_id`, `researcher_id`, `grade`, `evaluation_date`) VALUES (78, 178, '7.50', '2021-12-28');
INSERT INTO `evaluate_project` (`project_id`, `researcher_id`, `grade`, `evaluation_date`) VALUES (79, 179, '2.50', '2021-02-11');
INSERT INTO `evaluate_project` (`project_id`, `researcher_id`, `grade`, `evaluation_date`) VALUES (80, 180, '1.00', '2021-03-08');
INSERT INTO `evaluate_project` (`project_id`, `researcher_id`, `grade`, `evaluation_date`) VALUES (81, 181, '5.50', '2021-06-16');
INSERT INTO `evaluate_project` (`project_id`, `researcher_id`, `grade`, `evaluation_date`) VALUES (82, 182, '9.50', '2022-04-06');
INSERT INTO `evaluate_project` (`project_id`, `researcher_id`, `grade`, `evaluation_date`) VALUES (83, 183, '0.50', '2022-12-25');
INSERT INTO `evaluate_project` (`project_id`, `researcher_id`, `grade`, `evaluation_date`) VALUES (84, 184, '3.50', '2022-04-23');
INSERT INTO `evaluate_project` (`project_id`, `researcher_id`, `grade`, `evaluation_date`) VALUES (85, 185, '6.00', '2022-03-25');
INSERT INTO `evaluate_project` (`project_id`, `researcher_id`, `grade`, `evaluation_date`) VALUES (86, 186, '4.00', '2022-09-02');
INSERT INTO `evaluate_project` (`project_id`, `researcher_id`, `grade`, `evaluation_date`) VALUES (87, 187, '4.50', '2022-09-23');
INSERT INTO `evaluate_project` (`project_id`, `researcher_id`, `grade`, `evaluation_date`) VALUES (88, 188, '7.00', '2022-06-13');
INSERT INTO `evaluate_project` (`project_id`, `researcher_id`, `grade`, `evaluation_date`) VALUES (89, 189, '6.50', '2022-07-26');
INSERT INTO `evaluate_project` (`project_id`, `researcher_id`, `grade`, `evaluation_date`) VALUES (90, 190, '4.50', '2022-02-15');
INSERT INTO `evaluate_project` (`project_id`, `researcher_id`, `grade`, `evaluation_date`) VALUES (91, 191, '4.00', '2022-06-03');
INSERT INTO `evaluate_project` (`project_id`, `researcher_id`, `grade`, `evaluation_date`) VALUES (92, 192, '3.50', '2022-11-21');
INSERT INTO `evaluate_project` (`project_id`, `researcher_id`, `grade`, `evaluation_date`) VALUES (93, 193, '8.50', '2022-09-02');
INSERT INTO `evaluate_project` (`project_id`, `researcher_id`, `grade`, `evaluation_date`) VALUES (94, 194, '6.70', '2022-11-26');
INSERT INTO `evaluate_project` (`project_id`, `researcher_id`, `grade`, `evaluation_date`) VALUES (95, 195, '4.60', '2022-07-06');
INSERT INTO `evaluate_project` (`project_id`, `researcher_id`, `grade`, `evaluation_date`) VALUES (96, 196, '9.00', '2022-10-06');
INSERT INTO `evaluate_project` (`project_id`, `researcher_id`, `grade`, `evaluation_date`) VALUES (97, 197, '7.60', '2022-10-14');
INSERT INTO `evaluate_project` (`project_id`, `researcher_id`, `grade`, `evaluation_date`) VALUES (98, 198, '8.40', '2022-02-28');
INSERT INTO `evaluate_project` (`project_id`, `researcher_id`, `grade`, `evaluation_date`) VALUES (99, 199, '3.00', '2022-07-03');
INSERT INTO `evaluate_project` (`project_id`, `researcher_id`, `grade`, `evaluation_date`) VALUES (100, 200, '4.00', '2022-07-11');


/* {Fields: Physics, Computer Science, Engineering Sciences, Mathematics, Environment, Chemistry, Medicine, Art, Sociology, Economics } */
INSERT INTO `scientific_field` (`project_id`, `scientific_field_name`) VALUES (1, 'Physics');
INSERT INTO `scientific_field` (`project_id`, `scientific_field_name`) VALUES (2, 'Physics');
INSERT INTO `scientific_field` (`project_id`, `scientific_field_name`) VALUES (3, 'Computer Science');
INSERT INTO `scientific_field` (`project_id`, `scientific_field_name`) VALUES (3, 'Engineering Sciences');
INSERT INTO `scientific_field` (`project_id`, `scientific_field_name`) VALUES (4, 'Computer Science');
INSERT INTO `scientific_field` (`project_id`, `scientific_field_name`) VALUES (4, 'Mathematics');
INSERT INTO `scientific_field` (`project_id`, `scientific_field_name`) VALUES (5, 'Chemistry');
INSERT INTO `scientific_field` (`project_id`, `scientific_field_name`) VALUES (5, 'Environment');
INSERT INTO `scientific_field` (`project_id`, `scientific_field_name`) VALUES (6, 'Medicine');
INSERT INTO `scientific_field` (`project_id`, `scientific_field_name`) VALUES (6, 'Mathematics');
INSERT INTO `scientific_field` (`project_id`, `scientific_field_name`) VALUES (7, 'Physics');
INSERT INTO `scientific_field` (`project_id`, `scientific_field_name`) VALUES (7, 'Engineering Sciences');
INSERT INTO `scientific_field` (`project_id`, `scientific_field_name`) VALUES (8, 'Computer Science');
INSERT INTO `scientific_field` (`project_id`, `scientific_field_name`) VALUES (8, 'Mathematics');
INSERT INTO `scientific_field` (`project_id`, `scientific_field_name`) VALUES (9, 'Computer Science');
INSERT INTO `scientific_field` (`project_id`, `scientific_field_name`) VALUES (10, 'Environment');
INSERT INTO `scientific_field` (`project_id`, `scientific_field_name`) VALUES (10, 'Physics');
INSERT INTO `scientific_field` (`project_id`, `scientific_field_name`) VALUES (11, 'Chemistry');
INSERT INTO `scientific_field` (`project_id`, `scientific_field_name`) VALUES (11, 'Physics');
INSERT INTO `scientific_field` (`project_id`, `scientific_field_name`) VALUES (12, 'History');
INSERT INTO `scientific_field` (`project_id`, `scientific_field_name`) VALUES (13, 'Medicine');
INSERT INTO `scientific_field` (`project_id`, `scientific_field_name`) VALUES (14, 'Physics');
INSERT INTO `scientific_field` (`project_id`, `scientific_field_name`) VALUES (15, 'Medicine');
INSERT INTO `scientific_field` (`project_id`, `scientific_field_name`) VALUES (16, 'Chemistry');
INSERT INTO `scientific_field` (`project_id`, `scientific_field_name`) VALUES (16, 'Engineering Sciences');
INSERT INTO `scientific_field` (`project_id`, `scientific_field_name`) VALUES (17, 'Engineering Sciences');
INSERT INTO `scientific_field` (`project_id`, `scientific_field_name`) VALUES (17, 'Environment');
INSERT INTO `scientific_field` (`project_id`, `scientific_field_name`) VALUES (18, 'Computer Science');
INSERT INTO `scientific_field` (`project_id`, `scientific_field_name`) VALUES (18, 'Mathematics');
INSERT INTO `scientific_field` (`project_id`, `scientific_field_name`) VALUES (19, 'Mathematics');
INSERT INTO `scientific_field` (`project_id`, `scientific_field_name`) VALUES (20, 'Computer Science');
INSERT INTO `scientific_field` (`project_id`, `scientific_field_name`) VALUES (21, 'Computer Science');
INSERT INTO `scientific_field` (`project_id`, `scientific_field_name`) VALUES (21, 'Mathematics');
INSERT INTO `scientific_field` (`project_id`, `scientific_field_name`) VALUES (22, 'Medicine');
INSERT INTO `scientific_field` (`project_id`, `scientific_field_name`) VALUES (22, 'Mathematics');
INSERT INTO `scientific_field` (`project_id`, `scientific_field_name`) VALUES (23, 'Medicine');
INSERT INTO `scientific_field` (`project_id`, `scientific_field_name`) VALUES (24, 'Medicine');
INSERT INTO `scientific_field` (`project_id`, `scientific_field_name`) VALUES (25, 'Medicine');
INSERT INTO `scientific_field` (`project_id`, `scientific_field_name`) VALUES (26, 'History');
INSERT INTO `scientific_field` (`project_id`, `scientific_field_name`) VALUES (27, 'History');
INSERT INTO `scientific_field` (`project_id`, `scientific_field_name`) VALUES (28, 'Computer Science');
INSERT INTO `scientific_field` (`project_id`, `scientific_field_name`) VALUES (29, 'Sociology');
INSERT INTO `scientific_field` (`project_id`, `scientific_field_name`) VALUES (30, 'Physics');
INSERT INTO `scientific_field` (`project_id`, `scientific_field_name`) VALUES (30, 'Environment');
INSERT INTO `scientific_field` (`project_id`, `scientific_field_name`) VALUES (31, 'Economics');
INSERT INTO `scientific_field` (`project_id`, `scientific_field_name`) VALUES (32, 'Economics');
INSERT INTO `scientific_field` (`project_id`, `scientific_field_name`) VALUES (33, 'Medicine');
INSERT INTO `scientific_field` (`project_id`, `scientific_field_name`) VALUES (33, 'Environment');
INSERT INTO `scientific_field` (`project_id`, `scientific_field_name`) VALUES (34, 'Sociology');
INSERT INTO `scientific_field` (`project_id`, `scientific_field_name`) VALUES (35, 'Sociology');
INSERT INTO `scientific_field` (`project_id`, `scientific_field_name`) VALUES (36, 'Medicine');
INSERT INTO `scientific_field` (`project_id`, `scientific_field_name`) VALUES (37, 'Sociology');
INSERT INTO `scientific_field` (`project_id`, `scientific_field_name`) VALUES (38, 'Environment');
INSERT INTO `scientific_field` (`project_id`, `scientific_field_name`) VALUES (39, 'Sociology');
INSERT INTO `scientific_field` (`project_id`, `scientific_field_name`) VALUES (39, 'Economics');
INSERT INTO `scientific_field` (`project_id`, `scientific_field_name`) VALUES (40, 'Computer Science');
INSERT INTO `scientific_field` (`project_id`, `scientific_field_name`) VALUES (40, 'Mathematics');
INSERT INTO `scientific_field` (`project_id`, `scientific_field_name`) VALUES (41, 'Medicine');
INSERT INTO `scientific_field` (`project_id`, `scientific_field_name`) VALUES (42, 'Physics');
INSERT INTO `scientific_field` (`project_id`, `scientific_field_name`) VALUES (42, 'Chemistry');
INSERT INTO `scientific_field` (`project_id`, `scientific_field_name`) VALUES (43, 'Sociology');
INSERT INTO `scientific_field` (`project_id`, `scientific_field_name`) VALUES (44, 'Physics');
INSERT INTO `scientific_field` (`project_id`, `scientific_field_name`) VALUES (44, 'Computer Science');
INSERT INTO `scientific_field` (`project_id`, `scientific_field_name`) VALUES (45, 'Physics');
INSERT INTO `scientific_field` (`project_id`, `scientific_field_name`) VALUES (45, 'Mathematics');
INSERT INTO `scientific_field` (`project_id`, `scientific_field_name`) VALUES (46, 'Management');
INSERT INTO `scientific_field` (`project_id`, `scientific_field_name`) VALUES (47, 'Computer Science');
INSERT INTO `scientific_field` (`project_id`, `scientific_field_name`) VALUES (47, 'Mathematics');
INSERT INTO `scientific_field` (`project_id`, `scientific_field_name`) VALUES (48, 'Sociology');
INSERT INTO `scientific_field` (`project_id`, `scientific_field_name`) VALUES (49, 'Sociology');
INSERT INTO `scientific_field` (`project_id`, `scientific_field_name`) VALUES (50, 'Medicine');
INSERT INTO `scientific_field` (`project_id`, `scientific_field_name`) VALUES (50, 'Chemistry');
INSERT INTO `scientific_field` (`project_id`, `scientific_field_name`) VALUES (51, 'History');
INSERT INTO `scientific_field` (`project_id`, `scientific_field_name`) VALUES (52, 'Sociology');
INSERT INTO `scientific_field` (`project_id`, `scientific_field_name`) VALUES (52, 'History');
INSERT INTO `scientific_field` (`project_id`, `scientific_field_name`) VALUES (53, 'Art');
INSERT INTO `scientific_field` (`project_id`, `scientific_field_name`) VALUES (53, 'Engineering Sciences');
INSERT INTO `scientific_field` (`project_id`, `scientific_field_name`) VALUES (54, 'History');
INSERT INTO `scientific_field` (`project_id`, `scientific_field_name`) VALUES (55, 'Physics');
INSERT INTO `scientific_field` (`project_id`, `scientific_field_name`) VALUES (55, 'Computer Science');
INSERT INTO `scientific_field` (`project_id`, `scientific_field_name`) VALUES (56, 'Engineering Sciences');
INSERT INTO `scientific_field` (`project_id`, `scientific_field_name`) VALUES (56, 'Medicine');
INSERT INTO `scientific_field` (`project_id`, `scientific_field_name`) VALUES (57, 'Physics');
INSERT INTO `scientific_field` (`project_id`, `scientific_field_name`) VALUES (57, 'Art');
INSERT INTO `scientific_field` (`project_id`, `scientific_field_name`) VALUES (58, 'Chemistry');
INSERT INTO `scientific_field` (`project_id`, `scientific_field_name`) VALUES (58, 'Physics');
INSERT INTO `scientific_field` (`project_id`, `scientific_field_name`) VALUES (59, 'Chemistry');
INSERT INTO `scientific_field` (`project_id`, `scientific_field_name`) VALUES (60, 'Mathematics');
INSERT INTO `scientific_field` (`project_id`, `scientific_field_name`) VALUES (61, 'Mathematics');
INSERT INTO `scientific_field` (`project_id`, `scientific_field_name`) VALUES (61, 'Computer Science');
INSERT INTO `scientific_field` (`project_id`, `scientific_field_name`) VALUES (62, 'Computer Science');
INSERT INTO `scientific_field` (`project_id`, `scientific_field_name`) VALUES (63, 'Mathematics');
INSERT INTO `scientific_field` (`project_id`, `scientific_field_name`) VALUES (63, 'Physics');
INSERT INTO `scientific_field` (`project_id`, `scientific_field_name`) VALUES (64, 'Computer Science');
INSERT INTO `scientific_field` (`project_id`, `scientific_field_name`) VALUES (65, 'Physics');
INSERT INTO `scientific_field` (`project_id`, `scientific_field_name`) VALUES (66, 'Physics');
INSERT INTO `scientific_field` (`project_id`, `scientific_field_name`) VALUES (66, 'Engineering Sciences');
INSERT INTO `scientific_field` (`project_id`, `scientific_field_name`) VALUES (67, 'Chemistry');
INSERT INTO `scientific_field` (`project_id`, `scientific_field_name`) VALUES (68, 'Physics');
INSERT INTO `scientific_field` (`project_id`, `scientific_field_name`) VALUES (68, 'Computer Science');
INSERT INTO `scientific_field` (`project_id`, `scientific_field_name`) VALUES (69, 'History');
INSERT INTO `scientific_field` (`project_id`, `scientific_field_name`) VALUES (69, 'Sociology');
INSERT INTO `scientific_field` (`project_id`, `scientific_field_name`) VALUES (70, 'History');
INSERT INTO `scientific_field` (`project_id`, `scientific_field_name`) VALUES (71, 'History');
INSERT INTO `scientific_field` (`project_id`, `scientific_field_name`) VALUES (72, 'Sociology');
INSERT INTO `scientific_field` (`project_id`, `scientific_field_name`) VALUES (73, 'Computer Science');
INSERT INTO `scientific_field` (`project_id`, `scientific_field_name`) VALUES (73, 'Environment');
INSERT INTO `scientific_field` (`project_id`, `scientific_field_name`) VALUES (74, 'Engineering Sciences');
INSERT INTO `scientific_field` (`project_id`, `scientific_field_name`) VALUES (75, 'Computer Science');
INSERT INTO `scientific_field` (`project_id`, `scientific_field_name`) VALUES (76, 'Mathematics');
INSERT INTO `scientific_field` (`project_id`, `scientific_field_name`) VALUES (76, 'Computer Science');
INSERT INTO `scientific_field` (`project_id`, `scientific_field_name`) VALUES (77, 'Medicine');
INSERT INTO `scientific_field` (`project_id`, `scientific_field_name`) VALUES (77, 'Engineering Science');
INSERT INTO `scientific_field` (`project_id`, `scientific_field_name`) VALUES (78, 'Computer Science');
INSERT INTO `scientific_field` (`project_id`, `scientific_field_name`) VALUES (79, 'Physics');
INSERT INTO `scientific_field` (`project_id`, `scientific_field_name`) VALUES (79, 'Engineering Science');
INSERT INTO `scientific_field` (`project_id`, `scientific_field_name`) VALUES (80, 'Chemistry');
INSERT INTO `scientific_field` (`project_id`, `scientific_field_name`) VALUES (80, 'Physics');
INSERT INTO `scientific_field` (`project_id`, `scientific_field_name`) VALUES (81, 'Engineering Sciences');
INSERT INTO `scientific_field` (`project_id`, `scientific_field_name`) VALUES (82, 'Environment');
INSERT INTO `scientific_field` (`project_id`, `scientific_field_name`) VALUES (83, 'History');
INSERT INTO `scientific_field` (`project_id`, `scientific_field_name`) VALUES (83, 'Sociology');
INSERT INTO `scientific_field` (`project_id`, `scientific_field_name`) VALUES (84, 'Physics');
INSERT INTO `scientific_field` (`project_id`, `scientific_field_name`) VALUES (84, 'Environment');
INSERT INTO `scientific_field` (`project_id`, `scientific_field_name`) VALUES (85, 'Physics');
INSERT INTO `scientific_field` (`project_id`, `scientific_field_name`) VALUES (86, 'Computer Science');
INSERT INTO `scientific_field` (`project_id`, `scientific_field_name`) VALUES (86, 'Medicine');
INSERT INTO `scientific_field` (`project_id`, `scientific_field_name`) VALUES (87, 'Engineering Sciences');
INSERT INTO `scientific_field` (`project_id`, `scientific_field_name`) VALUES (87, 'Medicine');
INSERT INTO `scientific_field` (`project_id`, `scientific_field_name`) VALUES (88, 'Physics');
INSERT INTO `scientific_field` (`project_id`, `scientific_field_name`) VALUES (89, 'Physics');
INSERT INTO `scientific_field` (`project_id`, `scientific_field_name`) VALUES (90, 'Sociology');
INSERT INTO `scientific_field` (`project_id`, `scientific_field_name`) VALUES (91, 'Chemistry');
INSERT INTO `scientific_field` (`project_id`, `scientific_field_name`) VALUES (91, 'Physics');
INSERT INTO `scientific_field` (`project_id`, `scientific_field_name`) VALUES (92, 'Computer Science');
INSERT INTO `scientific_field` (`project_id`, `scientific_field_name`) VALUES (93, 'Economics');
INSERT INTO `scientific_field` (`project_id`, `scientific_field_name`) VALUES (93, 'Mathematics');
INSERT INTO `scientific_field` (`project_id`, `scientific_field_name`) VALUES (94, 'Mathematics');
INSERT INTO `scientific_field` (`project_id`, `scientific_field_name`) VALUES (94, 'Computer Science');
INSERT INTO `scientific_field` (`project_id`, `scientific_field_name`) VALUES (95, 'Physics');
INSERT INTO `scientific_field` (`project_id`, `scientific_field_name`) VALUES (95, 'Engineering Sciences');
INSERT INTO `scientific_field` (`project_id`, `scientific_field_name`) VALUES (96, 'Computer Science');
INSERT INTO `scientific_field` (`project_id`, `scientific_field_name`) VALUES (97, 'Computer Science');
INSERT INTO `scientific_field` (`project_id`, `scientific_field_name`) VALUES (97, 'Mathematics');
INSERT INTO `scientific_field` (`project_id`, `scientific_field_name`) VALUES (98, 'Physics');
INSERT INTO `scientific_field` (`project_id`, `scientific_field_name`) VALUES (98, 'Chemistry');
INSERT INTO `scientific_field` (`project_id`, `scientific_field_name`) VALUES (99, 'Chemistry');
INSERT INTO `scientific_field` (`project_id`, `scientific_field_name`) VALUES (99, 'Environment');
INSERT INTO `scientific_field` (`project_id`, `scientific_field_name`) VALUES (100, 'Computer Science');
